{"stats":{"minecraft:broken":{"minecraft:golden_shovel":1,"minecraft:diamond_axe":1,"minecraft:stone_axe":1,"minecraft:iron_pickaxe":2,"minecraft:stone_shovel":3},"minecraft:used":{"minecraft:oak_trapdoor":12,"minecraft:flint_and_steel":4,"minecraft:stone_shovel":571,"minecraft:oak_sign":9,"minecraft:chest":12,"minecraft:shield":84,"minecraft:stone_hoe":108,"minecraft:torch":315,"minecraft:dirt":81,"minecraft:jungle_planks":4,"minecraft:jungle_trapdoor":7,"minecraft:golden_shovel":32,"minecraft:obsidian":11,"minecraft:glass":128,"minecraft:grass_block":35,"minecraft:bow":11,"minecraft:furnace":5,"minecraft:cooked_beef":9,"minecraft:potato":203,"minecraft:acacia_planks":42,"minecraft:cobbled_deepslate":45,"minecraft:dark_oak_sapling":4,"minecraft:cooked_mutton":4,"minecraft:water_bucket":130,"minecraft:diamond_boots":1,"minecraft:stone_pickaxe":101,"minecraft:baked_potato":62,"minecraft:wooden_pickaxe":15,"minecraft:sandstone":201,"minecraft:fletching_table":52,"minecraft:composter":22,"minecraft:stonecutter":2,"minecraft:sugar_cane":14,"minecraft:diamond_axe":3220,"minecraft:sand":82,"minecraft:crafting_table":12,"minecraft:lime_bed":8,"minecraft:blast_furnace":4,"minecraft:white_bed":16,"minecraft:diamond_pickaxe":1305,"minecraft:diamond_shovel":466,"minecraft:melon_slice":8,"minecraft:bread":97,"minecraft:iron_pickaxe":764,"minecraft:gravel":29,"minecraft:stone_axe":399,"minecraft:cobblestone":28,"minecraft:grindstone":6,"minecraft:smithing_table":4,"minecraft:bucket":132,"minecraft:oak_boat":6,"minecraft:bone_meal":117},"minecraft:killed":{"minecraft:cave_spider":2,"minecraft:spider":8,"minecraft:pufferfish":1,"minecraft:skeleton":46,"minecraft:chicken":1,"minecraft:piglin":3,"minecraft:husk":25,"minecraft:creeper":7,"minecraft:sheep":6,"minecraft:pillager":2,"minecraft:zombie":18,"minecraft:wither_skeleton":3,"minecraft:blaze":6,"minecraft:cow":1},"minecraft:custom":{"minecraft:interact_with_smithing_table":1,"minecraft:mob_kills":131,"minecraft:interact_with_crafting_table":100,"minecraft:leave_game":17,"minecraft:time_since_death":6751,"minecraft:climb_one_cm":49547,"minecraft:sprint_one_cm":2185431,"minecraft:walk_one_cm":1680667,"minecraft:damage_blocked_by_shield":3994,"minecraft:drop":158,"minecraft:talked_to_villager":252,"minecraft:play_time":863869,"minecraft:deaths":4,"minecraft:sneak_time":21889,"minecraft:walk_under_water_one_cm":59237,"minecraft:boat_one_cm":516647,"minecraft:jump":12571,"minecraft:interact_with_blast_furnace":24,"minecraft:walk_on_water_one_cm":114707,"minecraft:total_world_time":863869,"minecraft:interact_with_furnace":74,"minecraft:traded_with_villager":441,"minecraft:sleep_in_bed":32,"minecraft:time_since_rest":5670,"minecraft:damage_taken":4597,"minecraft:damage_dealt":23215,"minecraft:swim_one_cm":54000,"minecraft:fly_one_cm":2678990,"minecraft:player_kills":1,"minecraft:open_chest":167,"minecraft:crouch_one_cm":35408,"minecraft:interact_with_smoker":26,"minecraft:fall_one_cm":324247},"minecraft:killed_by":{"minecraft:player":3},"minecraft:crafted":{"minecraft:grindstone":1,"minecraft:oak_planks":116,"minecraft:stone_shovel":21,"minecraft:oak_sign":9,"minecraft:furnace":2,"minecraft:jungle_trapdoor":10,"minecraft:stone":6,"minecraft:bone_meal":111,"minecraft:diamond_shovel":4,"minecraft:oak_trapdoor":16,"minecraft:glass":143,"minecraft:diamond_helmet":1,"minecraft:bow":10,"minecraft:diamond_leggings":1,"minecraft:iron_boots":12,"minecraft:iron_axe":10,"minecraft:stone_pickaxe":2,"minecraft:chest":10,"minecraft:diamond_boots":1,"minecraft:dark_oak_planks":164,"minecraft:stone_hoe":1,"minecraft:wheat":522,"minecraft:coal_block":3,"minecraft:arrow":32,"minecraft:emerald":364,"minecraft:diamond_axe":5,"minecraft:crafting_table":5,"minecraft:wooden_pickaxe":1,"minecraft:baked_potato":116,"minecraft:chainmail_chestplate":16,"minecraft:smithing_table":1,"minecraft:fletching_table":7,"minecraft:bucket":2,"minecraft:stone_axe":6,"minecraft:bread":174,"minecraft:air":0,"minecraft:jungle_planks":4920,"minecraft:oak_boat":2,"minecraft:iron_chestplate":2,"minecraft:diamond_pickaxe":2,"minecraft:shield":3,"minecraft:stick":9939,"minecraft:stone_slab":6,"minecraft:iron_pickaxe":4,"minecraft:iron_ingot":353,"minecraft:iron_shovel":2,"minecraft:iron_leggings":1,"minecraft:stonecutter":1,"minecraft:acacia_planks":32,"minecraft:torch":260,"minecraft:diamond_chestplate":1},"minecraft:mined":{"minecraft:tuff":13,"minecraft:white_bed":8,"minecraft:deepslate_diamond_ore":35,"minecraft:jungle_leaves":159,"minecraft:dark_oak_log":41,"minecraft:obsidian":13,"minecraft:nether_bricks":6,"minecraft:granite":9,"minecraft:acacia_log":8,"minecraft:grass_block":421,"minecraft:jungle_planks":4,"minecraft:jungle_log":1575,"minecraft:moss_block":3,"minecraft:composter":22,"minecraft:sandstone":878,"minecraft:spawner":1,"minecraft:hay_block":60,"minecraft:oak_trapdoor":1,"minecraft:furnace":3,"minecraft:iron_ore":197,"minecraft:fire":5,"minecraft:cobbled_deepslate":19,"minecraft:andesite":11,"minecraft:moss_carpet":1,"minecraft:deepslate_lapis_ore":3,"minecraft:fletching_table":47,"minecraft:potatoes":67,"minecraft:cave_vines":4,"minecraft:deepslate_iron_ore":117,"minecraft:vine":59,"minecraft:stone":553,"minecraft:smithing_table":3,"minecraft:cut_sandstone":1,"minecraft:melon_stem":2,"minecraft:clay":4,"minecraft:crafting_table":8,"minecraft:torch":13,"minecraft:short_grass":35,"minecraft:blast_furnace":4,"minecraft:melon":10,"minecraft:chest":2,"minecraft:dead_bush":3,"minecraft:glass":6,"minecraft:tall_grass":5,"minecraft:lapis_ore":3,"minecraft:grindstone":5,"minecraft:sugar_cane":6,"minecraft:oak_planks":18,"minecraft:diorite":5,"minecraft:wall_torch":24,"minecraft:big_dripleaf":1,"minecraft:cactus":3,"minecraft:lime_bed":8,"minecraft:birch_log":1,"minecraft:wheat":27,"minecraft:birch_leaves":5,"minecraft:coal_ore":141,"minecraft:oak_log":978,"minecraft:cocoa":2,"minecraft:gravel":46,"minecraft:sand":583,"minecraft:dirt":101,"minecraft:acacia_planks":1,"minecraft:stonecutter":3,"minecraft:small_dripleaf":1,"minecraft:oak_leaves":272,"minecraft:deepslate":112,"minecraft:fern":2},"minecraft:dropped":{"minecraft:bread":144,"minecraft:stone_hoe":1,"minecraft:iron_ingot":12,"minecraft:moss_block":1,"minecraft:wheat_seeds":21,"minecraft:diamond_axe":2,"minecraft:baked_potato":49,"minecraft:poisonous_potato":2,"minecraft:feather":1,"minecraft:cobblestone":64,"minecraft:coal":32,"minecraft:stick":11,"minecraft:dirt":19,"minecraft:diorite":7,"minecraft:ink_sac":3,"minecraft:sand":195,"minecraft:iron_axe":10,"minecraft:iron_pickaxe":1,"minecraft:cactus":1,"minecraft:string":3,"minecraft:iron_shovel":2,"minecraft:dark_oak_planks":12,"minecraft:gravel":5,"minecraft:stone_axe":4,"minecraft:iron_nugget":5,"minecraft:cobbled_deepslate":2,"minecraft:stone_shovel":21,"minecraft:obsidian":1,"minecraft:chicken":1,"minecraft:rotten_flesh":7,"minecraft:oak_planks":9,"minecraft:diamond_shovel":1,"minecraft:iron_boots":10,"minecraft:stone_slab":10,"minecraft:oak_sign":1,"minecraft:chainmail_chestplate":16,"minecraft:shield":2,"minecraft:gunpowder":3,"minecraft:iron_chestplate":2,"minecraft:andesite":12,"minecraft:jungle_log":192,"minecraft:oak_sapling":9,"minecraft:sandstone":215,"minecraft:glass":4,"minecraft:bow":7,"minecraft:beef":3,"minecraft:egg":2},"minecraft:picked_up":{"minecraft:cocoa_beans":4,"minecraft:crafting_table":7,"minecraft:iron_chestplate":1,"minecraft:wheat":12,"minecraft:ominous_bottle":1,"minecraft:chicken":1,"minecraft:clay_ball":52,"minecraft:smithing_table":3,"minecraft:stone_slab":5,"minecraft:shield":1,"minecraft:oak_trapdoor":1,"minecraft:string":8,"minecraft:pufferfish":2,"minecraft:oak_sign":1,"minecraft:cobbled_deepslate":69,"minecraft:beef":6,"minecraft:oak_boat":5,"minecraft:jungle_sapling":32,"minecraft:light_gray_wool":1,"minecraft:iron_pickaxe":1,"minecraft:chest":2,"minecraft:melon_slice":37,"minecraft:sugar_cane":14,"minecraft:furnace":3,"minecraft:iron_boots":1,"minecraft:egg":2,"minecraft:dark_oak_sapling":4,"minecraft:stick":105,"minecraft:raw_iron":373,"minecraft:sandstone":847,"minecraft:composter":22,"minecraft:big_dripleaf":3,"minecraft:torch":48,"minecraft:acacia_log":8,"minecraft:diorite":8,"minecraft:carrot":6,"minecraft:stone_shovel":4,"minecraft:rotten_flesh":16,"minecraft:arrow":43,"minecraft:cactus":1,"minecraft:nether_bricks":3,"minecraft:hay_block":58,"minecraft:blaze_rod":2,"minecraft:obsidian":13,"minecraft:mutton":7,"minecraft:rail":1,"minecraft:white_wool":5,"minecraft:cobblestone":542,"minecraft:birch_log":1,"minecraft:lime_bed":8,"minecraft:feather":1,"minecraft:cooked_beef":12,"minecraft:jungle_log":1678,"minecraft:andesite":12,"minecraft:cut_sandstone":1,"minecraft:leather":2,"minecraft:potato":368,"minecraft:flint":24,"minecraft:oak_log":970,"minecraft:chainmail_chestplate":1,"minecraft:gunpowder":3,"minecraft:wither_skeleton_skull":1,"minecraft:lapis_lazuli":35,"minecraft:dirt":202,"minecraft:cooked_mutton":5,"minecraft:bone":40,"minecraft:acacia_planks":45,"minecraft:apple":11,"minecraft:stonecutter":3,"minecraft:kelp":10,"minecraft:bow":4,"minecraft:wheat_seeds":67,"minecraft:grindstone":5,"minecraft:iron_ingot":4,"minecraft:fletching_table":47,"minecraft:moss_block":1,"minecraft:oak_planks":17,"minecraft:poisonous_potato":2,"minecraft:gravel":115,"minecraft:jungle_planks":6,"minecraft:sand":656,"minecraft:blast_furnace":4,"minecraft:ink_sac":3,"minecraft:white_bed":16,"minecraft:grass_block":291,"minecraft:dark_oak_log":41,"minecraft:spider_eye":3,"minecraft:diamond":36,"minecraft:diamond_axe":1,"minecraft:granite":10,"minecraft:bone_meal":6,"minecraft:bread":48,"minecraft:oak_sapling":85,"minecraft:melon_seeds":4,"minecraft:coal":234}},"DataVersion":4082}