{"stats":{"minecraft:broken":{"minecraft:golden_shovel":1,"minecraft:diamond_axe":1,"minecraft:iron_pickaxe":2,"minecraft:stone_shovel":3},"minecraft:used":{"minecraft:oak_trapdoor":12,"minecraft:flint_and_steel":1,"minecraft:stone_shovel":547,"minecraft:oak_sign":9,"minecraft:chest":11,"minecraft:shield":27,"minecraft:stone_hoe":108,"minecraft:torch":134,"minecraft:dirt":81,"minecraft:jungle_planks":4,"minecraft:jungle_trapdoor":3,"minecraft:golden_shovel":32,"minecraft:glass":128,"minecraft:grass_block":5,"minecraft:furnace":3,"minecraft:cooked_beef":9,"minecraft:potato":143,"minecraft:acacia_planks":42,"minecraft:cobbled_deepslate":31,"minecraft:dark_oak_sapling":4,"minecraft:cooked_mutton":4,"minecraft:water_bucket":94,"minecraft:stone_pickaxe":101,"minecraft:wooden_pickaxe":15,"minecraft:sandstone":160,"minecraft:composter":22,"minecraft:fletching_table":25,"minecraft:stonecutter":2,"minecraft:diamond_axe":3031,"minecraft:sugar_cane":14,"minecraft:sand":47,"minecraft:lime_bed":8,"minecraft:crafting_table":10,"minecraft:blast_furnace":3,"minecraft:white_bed":7,"minecraft:diamond_pickaxe":37,"minecraft:melon_slice":8,"minecraft:bread":74,"minecraft:iron_pickaxe":764,"minecraft:gravel":29,"minecraft:stone_axe":359,"minecraft:cobblestone":12,"minecraft:bucket":96,"minecraft:oak_boat":2,"minecraft:bone_meal":72},"minecraft:killed":{"minecraft:cave_spider":2,"minecraft:spider":5,"minecraft:skeleton":22,"minecraft:chicken":1,"minecraft:husk":18,"minecraft:creeper":6,"minecraft:sheep":6,"minecraft:zombie":4},"minecraft:custom":{"minecraft:mob_kills":65,"minecraft:interact_with_crafting_table":74,"minecraft:leave_game":7,"minecraft:time_since_death":556414,"minecraft:climb_one_cm":48494,"minecraft:sprint_one_cm":1270438,"minecraft:walk_one_cm":1050043,"minecraft:damage_blocked_by_shield":782,"minecraft:drop":62,"minecraft:talked_to_villager":92,"minecraft:play_time":556414,"minecraft:sneak_time":19306,"minecraft:walk_under_water_one_cm":39410,"minecraft:boat_one_cm":14076,"minecraft:jump":7537,"minecraft:walk_on_water_one_cm":55700,"minecraft:total_world_time":556414,"minecraft:interact_with_furnace":46,"minecraft:traded_with_villager":120,"minecraft:sleep_in_bed":18,"minecraft:time_since_rest":10737,"minecraft:damage_taken":1680,"minecraft:damage_dealt":11600,"minecraft:fly_one_cm":1648774,"minecraft:swim_one_cm":38004,"minecraft:open_chest":71,"minecraft:crouch_one_cm":29675,"minecraft:fall_one_cm":199418},"minecraft:crafted":{"minecraft:oak_planks":104,"minecraft:stone_shovel":5,"minecraft:oak_sign":9,"minecraft:furnace":1,"minecraft:jungle_trapdoor":10,"minecraft:bone_meal":66,"minecraft:oak_trapdoor":16,"minecraft:glass":139,"minecraft:bow":8,"minecraft:iron_boots":1,"minecraft:stone_pickaxe":2,"minecraft:chest":9,"minecraft:dark_oak_planks":84,"minecraft:stone_hoe":1,"minecraft:wheat":522,"minecraft:arrow":32,"minecraft:emerald":110,"minecraft:diamond_axe":2,"minecraft:crafting_table":4,"minecraft:wooden_pickaxe":1,"minecraft:fletching_table":7,"minecraft:bucket":2,"minecraft:stone_axe":6,"minecraft:bread":174,"minecraft:air":0,"minecraft:jungle_planks":1848,"minecraft:oak_boat":1,"minecraft:iron_chestplate":2,"minecraft:diamond_pickaxe":1,"minecraft:shield":2,"minecraft:stick":3520,"minecraft:iron_ingot":73,"minecraft:iron_pickaxe":4,"minecraft:iron_leggings":1,"minecraft:acacia_planks":32,"minecraft:torch":96},"minecraft:mined":{"minecraft:white_bed":1,"minecraft:deepslate_diamond_ore":11,"minecraft:jungle_leaves":159,"minecraft:dark_oak_log":41,"minecraft:acacia_log":8,"minecraft:grass_block":128,"minecraft:jungle_planks":2,"minecraft:jungle_log":1575,"minecraft:composter":22,"minecraft:sandstone":611,"minecraft:spawner":1,"minecraft:hay_block":60,"minecraft:oak_trapdoor":1,"minecraft:furnace":2,"minecraft:iron_ore":13,"minecraft:fire":1,"minecraft:cobbled_deepslate":19,"minecraft:andesite":9,"minecraft:fletching_table":20,"minecraft:potatoes":14,"minecraft:vine":59,"minecraft:deepslate_iron_ore":55,"minecraft:stone":91,"minecraft:cut_sandstone":1,"minecraft:melon_stem":2,"minecraft:crafting_table":7,"minecraft:torch":11,"minecraft:short_grass":21,"minecraft:blast_furnace":3,"minecraft:melon":10,"minecraft:chest":2,"minecraft:glass":6,"minecraft:tall_grass":3,"minecraft:sugar_cane":6,"minecraft:oak_planks":1,"minecraft:diorite":1,"minecraft:wall_torch":20,"minecraft:cactus":3,"minecraft:lime_bed":8,"minecraft:birch_log":1,"minecraft:wheat":27,"minecraft:birch_leaves":5,"minecraft:oak_log":978,"minecraft:coal_ore":22,"minecraft:cocoa":2,"minecraft:gravel":36,"minecraft:sand":502,"minecraft:dirt":20,"minecraft:acacia_planks":1,"minecraft:stonecutter":3,"minecraft:oak_leaves":272,"minecraft:deepslate":43},"minecraft:dropped":{"minecraft:bread":144,"minecraft:stone_hoe":1,"minecraft:iron_ingot":12,"minecraft:wheat_seeds":8,"minecraft:diamond_axe":1,"minecraft:feather":1,"minecraft:cobblestone":64,"minecraft:stick":6,"minecraft:dirt":19,"minecraft:diorite":4,"minecraft:ink_sac":3,"minecraft:sand":135,"minecraft:iron_pickaxe":1,"minecraft:cactus":1,"minecraft:string":3,"minecraft:dark_oak_planks":12,"minecraft:gravel":5,"minecraft:stone_axe":4,"minecraft:iron_nugget":5,"minecraft:obsidian":1,"minecraft:chicken":1,"minecraft:rotten_flesh":3,"minecraft:oak_planks":1,"minecraft:oak_sign":1,"minecraft:shield":1,"minecraft:gunpowder":3,"minecraft:iron_chestplate":2,"minecraft:andesite":9,"minecraft:jungle_log":64,"minecraft:oak_sapling":9,"minecraft:sandstone":19,"minecraft:bow":5,"minecraft:egg":1},"minecraft:picked_up":{"minecraft:cocoa_beans":4,"minecraft:iron_chestplate":1,"minecraft:crafting_table":6,"minecraft:wheat":12,"minecraft:chicken":1,"minecraft:string":8,"minecraft:oak_trapdoor":1,"minecraft:oak_sign":1,"minecraft:cobbled_deepslate":46,"minecraft:oak_boat":2,"minecraft:jungle_sapling":32,"minecraft:light_gray_wool":1,"minecraft:iron_pickaxe":1,"minecraft:melon_slice":37,"minecraft:sugar_cane":14,"minecraft:chest":2,"minecraft:egg":1,"minecraft:furnace":2,"minecraft:dark_oak_sapling":4,"minecraft:stick":100,"minecraft:raw_iron":68,"minecraft:sandstone":583,"minecraft:composter":22,"minecraft:torch":34,"minecraft:acacia_log":8,"minecraft:diorite":5,"minecraft:carrot":6,"minecraft:arrow":23,"minecraft:cactus":1,"minecraft:rotten_flesh":4,"minecraft:hay_block":58,"minecraft:mutton":7,"minecraft:cobblestone":90,"minecraft:white_wool":5,"minecraft:birch_log":1,"minecraft:lime_bed":8,"minecraft:cooked_beef":12,"minecraft:feather":1,"minecraft:jungle_log":1614,"minecraft:andesite":9,"minecraft:cut_sandstone":1,"minecraft:potato":184,"minecraft:flint":24,"minecraft:oak_log":970,"minecraft:gunpowder":3,"minecraft:dirt":120,"minecraft:cooked_mutton":5,"minecraft:bone":22,"minecraft:apple":11,"minecraft:acacia_planks":45,"minecraft:bow":4,"minecraft:stonecutter":3,"minecraft:wheat_seeds":54,"minecraft:iron_ingot":4,"minecraft:fletching_table":20,"minecraft:jungle_planks":2,"minecraft:gravel":115,"minecraft:sand":583,"minecraft:ink_sac":3,"minecraft:blast_furnace":3,"minecraft:white_bed":7,"minecraft:grass_block":5,"minecraft:dark_oak_log":41,"minecraft:spider_eye":3,"minecraft:diamond":12,"minecraft:diamond_axe":1,"minecraft:bone_meal":6,"minecraft:bread":48,"minecraft:oak_sapling":83,"minecraft:melon_seeds":4,"minecraft:coal":23}},"DataVersion":4082}