{"stats":{"minecraft:broken":{"minecraft:golden_shovel":1,"minecraft:stone_axe":1,"minecraft:stone_shovel":3,"minecraft:diamond_axe":1,"minecraft:iron_pickaxe":2},"minecraft:used":{"minecraft:oak_sign":30,"minecraft:chest":15,"minecraft:shield":87,"minecraft:iron_sword":62,"minecraft:jungle_planks":4,"minecraft:obsidian":11,"minecraft:glass":161,"minecraft:grass_block":35,"minecraft:bow":11,"minecraft:scaffolding":37,"minecraft:furnace":5,"minecraft:potato":203,"minecraft:dark_oak_sapling":4,"minecraft:diamond_boots":1,"minecraft:stone_pickaxe":101,"minecraft:oak_planks":3,"minecraft:wooden_pickaxe":15,"minecraft:sandstone":246,"minecraft:composter":22,"minecraft:diamond_axe":3229,"minecraft:sugar_cane":14,"minecraft:sand":196,"minecraft:blast_furnace":4,"minecraft:bread":97,"minecraft:melon_slice":8,"minecraft:gravel":29,"minecraft:grindstone":6,"minecraft:smithing_table":4,"minecraft:oak_boat":6,"minecraft:bone_meal":117,"minecraft:oak_trapdoor":12,"minecraft:flint_and_steel":4,"minecraft:stone_shovel":571,"minecraft:stone_hoe":108,"minecraft:torch":319,"minecraft:dirt":81,"minecraft:hopper":10,"minecraft:golden_shovel":32,"minecraft:jungle_trapdoor":7,"minecraft:cooked_beef":9,"minecraft:cobbled_deepslate":45,"minecraft:acacia_planks":42,"minecraft:cooked_mutton":4,"minecraft:water_bucket":179,"minecraft:baked_potato":76,"minecraft:green_bed":2,"minecraft:fletching_table":52,"minecraft:stonecutter":3,"minecraft:cobblestone_slab":65,"minecraft:lime_bed":9,"minecraft:crafting_table":12,"minecraft:white_bed":16,"minecraft:diamond_pickaxe":1428,"minecraft:diamond_shovel":698,"minecraft:iron_pickaxe":764,"minecraft:stone_axe":399,"minecraft:cobblestone":142,"minecraft:bucket":181},"minecraft:killed":{"minecraft:cave_spider":2,"minecraft:spider":8,"minecraft:pufferfish":1,"minecraft:skeleton":46,"minecraft:chicken":1,"minecraft:piglin":3,"minecraft:creeper":7,"minecraft:sheep":6,"minecraft:pillager":2,"minecraft:zombie":18,"minecraft:blaze":6,"minecraft:cow":1,"minecraft:husk":28,"minecraft:wither_skeleton":3},"minecraft:custom":{"minecraft:interact_with_crafting_table":105,"minecraft:leave_game":17,"minecraft:time_since_death":84751,"minecraft:sprint_one_cm":2395631,"minecraft:damage_blocked_by_shield":4104,"minecraft:drop":163,"minecraft:talked_to_villager":252,"minecraft:play_time":941869,"minecraft:deaths":4,"minecraft:jump":13886,"minecraft:walk_on_water_one_cm":154023,"minecraft:interact_with_furnace":74,"minecraft:traded_with_villager":441,"minecraft:sleep_in_bed":35,"minecraft:damage_dealt":23850,"minecraft:player_kills":1,"minecraft:crouch_one_cm":41122,"minecraft:interact_with_smoker":27,"minecraft:interact_with_smithing_table":1,"minecraft:mob_kills":136,"minecraft:inspect_hopper":1,"minecraft:climb_one_cm":56097,"minecraft:walk_one_cm":1815288,"minecraft:sneak_time":24689,"minecraft:walk_under_water_one_cm":63436,"minecraft:boat_one_cm":516647,"minecraft:interact_with_blast_furnace":24,"minecraft:total_world_time":941869,"minecraft:interact_with_stonecutter":1,"minecraft:time_since_rest":1590,"minecraft:damage_taken":4697,"minecraft:swim_one_cm":54000,"minecraft:fly_one_cm":2982279,"minecraft:open_chest":184,"minecraft:fall_one_cm":356862},"minecraft:killed_by":{"minecraft:player":3},"minecraft:crafted":{"minecraft:grindstone":1,"minecraft:oak_planks":372,"minecraft:oak_sign":18,"minecraft:stone":6,"minecraft:diamond_shovel":4,"minecraft:glass":143,"minecraft:iron_boots":12,"minecraft:diamond_helmet":1,"minecraft:diamond_leggings":1,"minecraft:bow":10,"minecraft:chest":20,"minecraft:stone_hoe":1,"minecraft:arrow":32,"minecraft:emerald":364,"minecraft:diamond_axe":5,"minecraft:crafting_table":5,"minecraft:baked_potato":116,"minecraft:wooden_pickaxe":1,"minecraft:chainmail_chestplate":16,"minecraft:smithing_table":1,"minecraft:fletching_table":7,"minecraft:iron_chestplate":2,"minecraft:diamond_pickaxe":2,"minecraft:shield":3,"minecraft:stick":9951,"minecraft:stone_slab":6,"minecraft:iron_ingot":353,"minecraft:iron_pickaxe":4,"minecraft:sandstone":14,"minecraft:stone_shovel":21,"minecraft:furnace":2,"minecraft:jungle_trapdoor":10,"minecraft:bone_meal":111,"minecraft:oak_trapdoor":16,"minecraft:scaffolding":30,"minecraft:iron_axe":10,"minecraft:stone_pickaxe":2,"minecraft:diamond_boots":1,"minecraft:dark_oak_planks":164,"minecraft:wheat":522,"minecraft:coal_block":3,"minecraft:bucket":2,"minecraft:stone_axe":6,"minecraft:bread":174,"minecraft:air":0,"minecraft:jungle_planks":4920,"minecraft:oak_boat":2,"minecraft:iron_shovel":2,"minecraft:iron_leggings":1,"minecraft:stonecutter":1,"minecraft:acacia_planks":32,"minecraft:torch":260,"minecraft:diamond_chestplate":1},"minecraft:mined":{"minecraft:white_bed":8,"minecraft:jungle_leaves":159,"minecraft:obsidian":13,"minecraft:granite":9,"minecraft:acacia_log":8,"minecraft:grass_block":421,"minecraft:jungle_log":1575,"minecraft:composter":22,"minecraft:hopper":1,"minecraft:oak_wall_sign":1,"minecraft:spawner":1,"minecraft:iron_ore":197,"minecraft:cobbled_deepslate":19,"minecraft:fire":5,"minecraft:moss_carpet":1,"minecraft:fletching_table":47,"minecraft:deepslate_lapis_ore":3,"minecraft:cave_vines":4,"minecraft:green_bed":2,"minecraft:cut_sandstone":1,"minecraft:melon_stem":2,"minecraft:clay":4,"minecraft:torch":13,"minecraft:blast_furnace":4,"minecraft:melon":10,"minecraft:chest":3,"minecraft:dead_bush":11,"minecraft:glass":6,"minecraft:cobblestone":29,"minecraft:oak_planks":19,"minecraft:grindstone":5,"minecraft:sugar_cane":6,"minecraft:wall_torch":26,"minecraft:birch_log":1,"minecraft:wheat":27,"minecraft:oak_log":978,"minecraft:sand":832,"minecraft:dirt":101,"minecraft:stonecutter":4,"minecraft:deepslate":112,"minecraft:oak_leaves":272,"minecraft:tuff":13,"minecraft:deepslate_diamond_ore":35,"minecraft:dark_oak_log":41,"minecraft:nether_bricks":6,"minecraft:jungle_planks":4,"minecraft:moss_block":3,"minecraft:sandstone":959,"minecraft:hay_block":60,"minecraft:oak_trapdoor":1,"minecraft:furnace":3,"minecraft:andesite":11,"minecraft:potatoes":67,"minecraft:vine":59,"minecraft:deepslate_iron_ore":117,"minecraft:cobblestone_slab":1,"minecraft:stone":553,"minecraft:smithing_table":3,"minecraft:scaffolding":6,"minecraft:crafting_table":8,"minecraft:short_grass":35,"minecraft:tall_grass":5,"minecraft:lapis_ore":3,"minecraft:diorite":5,"minecraft:big_dripleaf":1,"minecraft:lime_bed":9,"minecraft:cactus":3,"minecraft:birch_leaves":5,"minecraft:coal_ore":141,"minecraft:cocoa":2,"minecraft:gravel":46,"minecraft:cobweb":53,"minecraft:acacia_planks":1,"minecraft:small_dripleaf":1,"minecraft:fern":2},"minecraft:dropped":{"minecraft:moss_block":1,"minecraft:diamond_axe":3,"minecraft:baked_potato":49,"minecraft:dirt":19,"minecraft:sand":203,"minecraft:iron_pickaxe":1,"minecraft:dark_oak_planks":12,"minecraft:gravel":5,"minecraft:stone_axe":4,"minecraft:iron_nugget":5,"minecraft:cobbled_deepslate":2,"minecraft:obsidian":1,"minecraft:rotten_flesh":7,"minecraft:oak_planks":9,"minecraft:diamond_shovel":1,"minecraft:chainmail_chestplate":16,"minecraft:gunpowder":3,"minecraft:jungle_log":192,"minecraft:glass":4,"minecraft:beef":3,"minecraft:egg":2,"minecraft:stone_hoe":1,"minecraft:iron_ingot":12,"minecraft:bread":144,"minecraft:wheat_seeds":21,"minecraft:poisonous_potato":2,"minecraft:feather":1,"minecraft:cobblestone":64,"minecraft:granite":3,"minecraft:coal":32,"minecraft:stick":13,"minecraft:diorite":7,"minecraft:ink_sac":3,"minecraft:iron_axe":10,"minecraft:cactus":1,"minecraft:iron_shovel":2,"minecraft:string":3,"minecraft:stone_shovel":21,"minecraft:chicken":1,"minecraft:iron_boots":10,"minecraft:stone_slab":10,"minecraft:oak_sign":1,"minecraft:shield":2,"minecraft:iron_chestplate":2,"minecraft:andesite":12,"minecraft:oak_sapling":9,"minecraft:bamboo":4,"minecraft:sandstone":215,"minecraft:bow":7},"minecraft:picked_up":{"minecraft:iron_chestplate":1,"minecraft:wheat":12,"minecraft:smithing_table":3,"minecraft:stone_slab":5,"minecraft:string":61,"minecraft:pufferfish":2,"minecraft:oak_sign":12,"minecraft:cobbled_deepslate":69,"minecraft:cobblestone_slab":1,"minecraft:iron_pickaxe":1,"minecraft:melon_slice":37,"minecraft:iron_boots":1,"minecraft:furnace":3,"minecraft:stick":110,"minecraft:composter":22,"minecraft:big_dripleaf":3,"minecraft:acacia_log":8,"minecraft:torch":50,"minecraft:green_bed":2,"minecraft:diorite":8,"minecraft:cactus":1,"minecraft:rotten_flesh":16,"minecraft:blaze_rod":2,"minecraft:obsidian":13,"minecraft:cobblestone":565,"minecraft:birch_log":1,"minecraft:cooked_beef":12,"minecraft:feather":1,"minecraft:andesite":12,"minecraft:jungle_log":1678,"minecraft:potato":368,"minecraft:flint":24,"minecraft:wither_skeleton_skull":1,"minecraft:lapis_lazuli":35,"minecraft:dirt":202,"minecraft:glass":204,"minecraft:bone":42,"minecraft:acacia_planks":45,"minecraft:bow":4,"minecraft:stonecutter":4,"minecraft:wheat_seeds":67,"minecraft:grindstone":5,"minecraft:fletching_table":47,"minecraft:bamboo":38,"minecraft:moss_block":1,"minecraft:oak_planks":17,"minecraft:poisonous_potato":2,"minecraft:sand":901,"minecraft:jungle_planks":6,"minecraft:ink_sac":3,"minecraft:grass_block":291,"minecraft:dark_oak_log":41,"minecraft:diamond":36,"minecraft:granite":10,"minecraft:bone_meal":6,"minecraft:bread":48,"minecraft:oak_sapling":85,"minecraft:cocoa_beans":4,"minecraft:crafting_table":7,"minecraft:ominous_bottle":1,"minecraft:chicken":1,"minecraft:clay_ball":52,"minecraft:shield":1,"minecraft:oak_trapdoor":1,"minecraft:beef":6,"minecraft:oak_boat":5,"minecraft:jungle_sapling":32,"minecraft:light_gray_wool":1,"minecraft:sugar_cane":14,"minecraft:chest":3,"minecraft:egg":2,"minecraft:dark_oak_sapling":4,"minecraft:raw_iron":373,"minecraft:sandstone":926,"minecraft:carrot":6,"minecraft:arrow":45,"minecraft:stone_shovel":4,"minecraft:nether_bricks":3,"minecraft:hay_block":58,"minecraft:mutton":7,"minecraft:white_wool":5,"minecraft:rail":1,"minecraft:lime_bed":9,"minecraft:leather":2,"minecraft:cut_sandstone":1,"minecraft:oak_log":970,"minecraft:chainmail_chestplate":1,"minecraft:gunpowder":3,"minecraft:cooked_mutton":5,"minecraft:apple":11,"minecraft:kelp":10,"minecraft:iron_ingot":4,"minecraft:scaffolding":29,"minecraft:gravel":115,"minecraft:blast_furnace":4,"minecraft:white_bed":16,"minecraft:spider_eye":3,"minecraft:diamond_axe":2,"minecraft:baked_potato":18,"minecraft:melon_seeds":4,"minecraft:coal":234,"minecraft:hopper":9}},"DataVersion":4082}