{"stats":{"minecraft:broken":{"minecraft:golden_shovel":1,"minecraft:diamond_axe":1,"minecraft:stone_axe":1,"minecraft:iron_pickaxe":2,"minecraft:stone_shovel":3},"minecraft:used":{"minecraft:oak_trapdoor":12,"minecraft:flint_and_steel":1,"minecraft:stone_shovel":571,"minecraft:oak_sign":9,"minecraft:chest":12,"minecraft:shield":42,"minecraft:stone_hoe":108,"minecraft:torch":186,"minecraft:dirt":81,"minecraft:jungle_planks":4,"minecraft:jungle_trapdoor":4,"minecraft:golden_shovel":32,"minecraft:glass":128,"minecraft:grass_block":5,"minecraft:bow":7,"minecraft:furnace":3,"minecraft:cooked_beef":9,"minecraft:potato":167,"minecraft:acacia_planks":42,"minecraft:cobbled_deepslate":31,"minecraft:dark_oak_sapling":4,"minecraft:cooked_mutton":4,"minecraft:water_bucket":116,"minecraft:diamond_boots":1,"minecraft:stone_pickaxe":101,"minecraft:wooden_pickaxe":15,"minecraft:sandstone":177,"minecraft:composter":22,"minecraft:fletching_table":29,"minecraft:stonecutter":2,"minecraft:diamond_axe":3031,"minecraft:sugar_cane":14,"minecraft:sand":47,"minecraft:crafting_table":10,"minecraft:lime_bed":8,"minecraft:blast_furnace":4,"minecraft:white_bed":7,"minecraft:diamond_pickaxe":530,"minecraft:melon_slice":8,"minecraft:bread":94,"minecraft:iron_pickaxe":764,"minecraft:gravel":29,"minecraft:stone_axe":399,"minecraft:cobblestone":12,"minecraft:bucket":118,"minecraft:oak_boat":3,"minecraft:bone_meal":72},"minecraft:killed":{"minecraft:cave_spider":2,"minecraft:spider":6,"minecraft:skeleton":25,"minecraft:chicken":1,"minecraft:husk":18,"minecraft:creeper":6,"minecraft:sheep":6,"minecraft:pillager":2,"minecraft:zombie":9,"minecraft:cow":1},"minecraft:custom":{"minecraft:mob_kills":78,"minecraft:interact_with_crafting_table":78,"minecraft:leave_game":9,"minecraft:time_since_death":652328,"minecraft:climb_one_cm":49547,"minecraft:sprint_one_cm":1516352,"minecraft:walk_one_cm":1205325,"minecraft:damage_blocked_by_shield":1300,"minecraft:drop":98,"minecraft:talked_to_villager":126,"minecraft:play_time":652328,"minecraft:sneak_time":20106,"minecraft:walk_under_water_one_cm":48696,"minecraft:boat_one_cm":18124,"minecraft:jump":9068,"minecraft:interact_with_blast_furnace":7,"minecraft:walk_on_water_one_cm":81895,"minecraft:total_world_time":652328,"minecraft:interact_with_furnace":52,"minecraft:traded_with_villager":184,"minecraft:sleep_in_bed":20,"minecraft:time_since_rest":1279,"minecraft:damage_taken":2008,"minecraft:damage_dealt":13493,"minecraft:swim_one_cm":51344,"minecraft:fly_one_cm":1924407,"minecraft:open_chest":90,"minecraft:crouch_one_cm":30987,"minecraft:interact_with_smoker":3,"minecraft:fall_one_cm":233820},"minecraft:crafted":{"minecraft:oak_planks":104,"minecraft:stone_shovel":5,"minecraft:oak_sign":9,"minecraft:furnace":1,"minecraft:jungle_trapdoor":10,"minecraft:bone_meal":66,"minecraft:oak_trapdoor":16,"minecraft:glass":139,"minecraft:diamond_leggings":1,"minecraft:diamond_helmet":1,"minecraft:bow":8,"minecraft:iron_boots":12,"minecraft:stone_pickaxe":2,"minecraft:chest":10,"minecraft:diamond_boots":1,"minecraft:dark_oak_planks":164,"minecraft:stone_hoe":1,"minecraft:wheat":522,"minecraft:coal_block":3,"minecraft:arrow":32,"minecraft:emerald":143,"minecraft:diamond_axe":2,"minecraft:crafting_table":4,"minecraft:wooden_pickaxe":1,"minecraft:chainmail_chestplate":16,"minecraft:fletching_table":7,"minecraft:bucket":2,"minecraft:stone_axe":6,"minecraft:bread":174,"minecraft:air":0,"minecraft:jungle_planks":2104,"minecraft:oak_boat":1,"minecraft:iron_chestplate":2,"minecraft:diamond_pickaxe":1,"minecraft:shield":2,"minecraft:stick":4276,"minecraft:iron_ingot":186,"minecraft:iron_pickaxe":4,"minecraft:iron_leggings":1,"minecraft:acacia_planks":32,"minecraft:torch":144,"minecraft:diamond_chestplate":1},"minecraft:mined":{"minecraft:tuff":8,"minecraft:white_bed":1,"minecraft:deepslate_diamond_ore":32,"minecraft:jungle_leaves":159,"minecraft:dark_oak_log":41,"minecraft:granite":5,"minecraft:acacia_log":8,"minecraft:grass_block":131,"minecraft:jungle_planks":2,"minecraft:jungle_log":1575,"minecraft:moss_block":3,"minecraft:composter":22,"minecraft:sandstone":799,"minecraft:spawner":1,"minecraft:hay_block":60,"minecraft:oak_trapdoor":1,"minecraft:furnace":2,"minecraft:iron_ore":92,"minecraft:cobbled_deepslate":19,"minecraft:fire":1,"minecraft:andesite":9,"minecraft:moss_carpet":1,"minecraft:fletching_table":24,"minecraft:potatoes":38,"minecraft:cave_vines":4,"minecraft:deepslate_iron_ore":105,"minecraft:vine":59,"minecraft:stone":124,"minecraft:cut_sandstone":1,"minecraft:melon_stem":2,"minecraft:clay":4,"minecraft:crafting_table":7,"minecraft:torch":12,"minecraft:short_grass":25,"minecraft:blast_furnace":4,"minecraft:melon":10,"minecraft:chest":2,"minecraft:glass":6,"minecraft:tall_grass":4,"minecraft:sugar_cane":6,"minecraft:oak_planks":1,"minecraft:diorite":2,"minecraft:big_dripleaf":1,"minecraft:wall_torch":20,"minecraft:cactus":3,"minecraft:lime_bed":8,"minecraft:birch_log":1,"minecraft:wheat":27,"minecraft:birch_leaves":5,"minecraft:coal_ore":71,"minecraft:oak_log":978,"minecraft:cocoa":2,"minecraft:gravel":37,"minecraft:sand":503,"minecraft:dirt":23,"minecraft:acacia_planks":1,"minecraft:stonecutter":3,"minecraft:small_dripleaf":1,"minecraft:oak_leaves":272,"minecraft:deepslate":83,"minecraft:fern":2},"minecraft:dropped":{"minecraft:bread":144,"minecraft:stone_hoe":1,"minecraft:iron_ingot":12,"minecraft:moss_block":1,"minecraft:wheat_seeds":9,"minecraft:diamond_axe":1,"minecraft:poisonous_potato":1,"minecraft:feather":1,"minecraft:cobblestone":64,"minecraft:stick":10,"minecraft:dirt":19,"minecraft:diorite":4,"minecraft:ink_sac":3,"minecraft:sand":135,"minecraft:iron_pickaxe":1,"minecraft:cactus":1,"minecraft:string":3,"minecraft:dark_oak_planks":12,"minecraft:gravel":5,"minecraft:stone_axe":4,"minecraft:iron_nugget":5,"minecraft:obsidian":1,"minecraft:chicken":1,"minecraft:rotten_flesh":3,"minecraft:oak_planks":1,"minecraft:iron_boots":10,"minecraft:oak_sign":1,"minecraft:chainmail_chestplate":16,"minecraft:shield":1,"minecraft:gunpowder":3,"minecraft:iron_chestplate":2,"minecraft:andesite":9,"minecraft:jungle_log":64,"minecraft:oak_sapling":9,"minecraft:sandstone":214,"minecraft:beef":3,"minecraft:bow":5,"minecraft:egg":2},"minecraft:picked_up":{"minecraft:cocoa_beans":4,"minecraft:iron_chestplate":1,"minecraft:crafting_table":6,"minecraft:wheat":12,"minecraft:ominous_bottle":1,"minecraft:chicken":1,"minecraft:clay_ball":52,"minecraft:oak_trapdoor":1,"minecraft:string":8,"minecraft:oak_sign":1,"minecraft:cobbled_deepslate":46,"minecraft:beef":3,"minecraft:oak_boat":3,"minecraft:jungle_sapling":32,"minecraft:iron_pickaxe":1,"minecraft:light_gray_wool":1,"minecraft:chest":2,"minecraft:melon_slice":37,"minecraft:sugar_cane":14,"minecraft:egg":2,"minecraft:iron_boots":1,"minecraft:furnace":2,"minecraft:dark_oak_sapling":4,"minecraft:stick":100,"minecraft:raw_iron":196,"minecraft:sandstone":769,"minecraft:composter":22,"minecraft:big_dripleaf":3,"minecraft:torch":37,"minecraft:acacia_log":8,"minecraft:diorite":5,"minecraft:carrot":6,"minecraft:rotten_flesh":4,"minecraft:arrow":28,"minecraft:cactus":1,"minecraft:hay_block":58,"minecraft:mutton":7,"minecraft:cobblestone":123,"minecraft:white_wool":5,"minecraft:birch_log":1,"minecraft:lime_bed":8,"minecraft:feather":1,"minecraft:cooked_beef":12,"minecraft:jungle_log":1614,"minecraft:andesite":9,"minecraft:cut_sandstone":1,"minecraft:leather":2,"minecraft:potato":271,"minecraft:flint":24,"minecraft:oak_log":970,"minecraft:chainmail_chestplate":1,"minecraft:gunpowder":3,"minecraft:dirt":126,"minecraft:cooked_mutton":5,"minecraft:bone":22,"minecraft:acacia_planks":45,"minecraft:apple":11,"minecraft:stonecutter":3,"minecraft:bow":4,"minecraft:wheat_seeds":55,"minecraft:iron_ingot":4,"minecraft:fletching_table":24,"minecraft:moss_block":1,"minecraft:poisonous_potato":1,"minecraft:gravel":115,"minecraft:jungle_planks":2,"minecraft:sand":584,"minecraft:blast_furnace":4,"minecraft:ink_sac":3,"minecraft:white_bed":7,"minecraft:grass_block":5,"minecraft:dark_oak_log":41,"minecraft:spider_eye":3,"minecraft:diamond":33,"minecraft:granite":5,"minecraft:diamond_axe":1,"minecraft:bone_meal":6,"minecraft:bread":48,"minecraft:oak_sapling":83,"minecraft:melon_seeds":4,"minecraft:coal":136}},"DataVersion":4082}