{"stats":{"minecraft:used":{"minecraft:diamond_hoe":50,"minecraft:oak_sign":39,"minecraft:chest":18,"minecraft:shield":105,"minecraft:iron_sword":62,"minecraft:jungle_planks":4,"minecraft:furnace_minecart":11,"minecraft:obsidian":11,"minecraft:glass":304,"minecraft:lava_bucket":12,"minecraft:grass_block":35,"minecraft:bow":11,"minecraft:scaffolding":92,"minecraft:furnace":5,"minecraft:potato":230,"minecraft:dark_oak_sapling":4,"minecraft:diamond_boots":1,"minecraft:stone_pickaxe":101,"minecraft:oak_planks":107,"minecraft:wooden_pickaxe":15,"minecraft:sandstone":279,"minecraft:composter":22,"minecraft:diamond_axe":3533,"minecraft:sugar_cane":14,"minecraft:oak_leaves":27,"minecraft:sand":239,"minecraft:blast_furnace":4,"minecraft:melon_slice":8,"minecraft:bread":97,"minecraft:lectern":4,"minecraft:gravel":29,"minecraft:grindstone":6,"minecraft:smithing_table":8,"minecraft:oak_boat":33,"minecraft:bone_meal":123,"minecraft:oak_trapdoor":16,"minecraft:flint_and_steel":8,"minecraft:stone_shovel":571,"minecraft:stone_hoe":108,"minecraft:torch":350,"minecraft:dirt":81,"minecraft:hopper":10,"minecraft:golden_shovel":32,"minecraft:jungle_trapdoor":8,"minecraft:oak_fence_gate":7,"minecraft:minecart":12,"minecraft:cooked_beef":9,"minecraft:cobbled_deepslate":45,"minecraft:acacia_planks":42,"minecraft:wheat_seeds":2,"minecraft:cooked_mutton":4,"minecraft:water_bucket":205,"minecraft:baked_potato":152,"minecraft:fletching_table":55,"minecraft:stonecutter":5,"minecraft:green_bed":2,"minecraft:cobblestone_slab":302,"minecraft:rail":145,"minecraft:crafting_table":18,"minecraft:lime_bed":12,"minecraft:white_bed":16,"minecraft:diamond_pickaxe":2290,"minecraft:diamond_shovel":997,"minecraft:iron_pickaxe":764,"minecraft:stone_axe":399,"minecraft:cobblestone":419,"minecraft:bucket":219},"minecraft:dropped":{"minecraft:moss_block":1,"minecraft:diamond_axe":4,"minecraft:baked_potato":49,"minecraft:crafting_table":2,"minecraft:dirt":19,"minecraft:sand":231,"minecraft:iron_pickaxe":1,"minecraft:dark_oak_planks":12,"minecraft:gravel":9,"minecraft:stone_axe":4,"minecraft:sugar_cane":1,"minecraft:iron_nugget":5,"minecraft:cobbled_deepslate":7,"minecraft:obsidian":2,"minecraft:rotten_flesh":20,"minecraft:oak_planks":31,"minecraft:diamond_shovel":2,"minecraft:glowstone_dust":2,"minecraft:chainmail_chestplate":16,"minecraft:gunpowder":4,"minecraft:jungle_log":192,"minecraft:glass":4,"minecraft:beef":3,"minecraft:oak_leaves":4,"minecraft:egg":2,"minecraft:iron_ingot":12,"minecraft:stone_hoe":1,"minecraft:bread":144,"minecraft:wheat_seeds":23,"minecraft:poisonous_potato":5,"minecraft:feather":1,"minecraft:cobblestone":76,"minecraft:granite":5,"minecraft:coal":32,"minecraft:stick":17,"minecraft:diorite":11,"minecraft:ink_sac":3,"minecraft:torch":1,"minecraft:iron_axe":10,"minecraft:cactus":1,"minecraft:iron_shovel":2,"minecraft:string":8,"minecraft:stone_shovel":42,"minecraft:chicken":1,"minecraft:iron_boots":10,"minecraft:stone_slab":10,"minecraft:oak_sign":1,"minecraft:cobblestone_slab":12,"minecraft:shield":2,"minecraft:iron_chestplate":2,"minecraft:diamond_pickaxe":1,"minecraft:andesite":20,"minecraft:oak_sapling":9,"minecraft:bamboo":4,"minecraft:sandstone":217,"minecraft:bow":9},"minecraft:killed":{"minecraft:cave_spider":2,"minecraft:witch":1,"minecraft:spider":16,"minecraft:pufferfish":1,"minecraft:skeleton":58,"minecraft:chicken":1,"minecraft:piglin":3,"minecraft:iron_golem":1,"minecraft:creeper":13,"minecraft:sheep":6,"minecraft:pillager":6,"minecraft:zombie":20,"minecraft:blaze":6,"minecraft:cow":6,"minecraft:horse":1,"minecraft:husk":56,"minecraft:wandering_trader":1,"minecraft:wither_skeleton":3},"minecraft:mined":{"minecraft:white_bed":8,"minecraft:jungle_leaves":159,"minecraft:obsidian":17,"minecraft:granite":11,"minecraft:acacia_log":8,"minecraft:grass_block":422,"minecraft:jungle_log":1575,"minecraft:composter":22,"minecraft:hopper":1,"minecraft:oak_wall_sign":1,"minecraft:spawner":1,"minecraft:iron_ore":223,"minecraft:cobbled_deepslate":20,"minecraft:fire":9,"minecraft:moss_carpet":1,"minecraft:fletching_table":50,"minecraft:deepslate_lapis_ore":3,"minecraft:cave_vines":4,"minecraft:green_bed":2,"minecraft:jungle_trapdoor":1,"minecraft:sandstone_slab":3,"minecraft:cut_sandstone":1,"minecraft:melon_stem":2,"minecraft:clay":4,"minecraft:torch":13,"minecraft:blast_furnace":4,"minecraft:melon":10,"minecraft:chest":3,"minecraft:dead_bush":14,"minecraft:glass":32,"minecraft:cobblestone":298,"minecraft:oak_planks":121,"minecraft:grindstone":5,"minecraft:sugar_cane":17,"minecraft:wall_torch":27,"minecraft:birch_log":12,"minecraft:wheat":29,"minecraft:oak_log":978,"minecraft:oak_fence_gate":1,"minecraft:sand":940,"minecraft:dirt":101,"minecraft:stonecutter":6,"minecraft:oak_leaves":384,"minecraft:deepslate":112,"minecraft:tuff":13,"minecraft:deepslate_diamond_ore":35,"minecraft:dark_oak_log":41,"minecraft:nether_bricks":6,"minecraft:jungle_planks":4,"minecraft:moss_block":3,"minecraft:sandstone":997,"minecraft:hay_block":60,"minecraft:oak_trapdoor":3,"minecraft:furnace":3,"minecraft:andesite":15,"minecraft:potatoes":93,"minecraft:vine":59,"minecraft:cobblestone_slab":6,"minecraft:deepslate_iron_ore":118,"minecraft:rail":206,"minecraft:bamboo":10,"minecraft:stone":814,"minecraft:smithing_table":5,"minecraft:acacia_leaves":16,"minecraft:scaffolding":15,"minecraft:crafting_table":11,"minecraft:short_grass":35,"minecraft:lectern":3,"minecraft:tall_grass":5,"minecraft:lapis_ore":3,"minecraft:diorite":9,"minecraft:big_dripleaf":1,"minecraft:lime_bed":12,"minecraft:cactus":3,"minecraft:birch_leaves":105,"minecraft:coal_ore":149,"minecraft:cocoa":2,"minecraft:gravel":51,"minecraft:cobweb":53,"minecraft:acacia_planks":1,"minecraft:small_dripleaf":1,"minecraft:fern":2},"minecraft:picked_up":{"minecraft:iron_chestplate":1,"minecraft:wheat":14,"minecraft:smithing_table":5,"minecraft:stone_slab":5,"minecraft:string":67,"minecraft:pufferfish":2,"minecraft:oak_sign":13,"minecraft:cobbled_deepslate":70,"minecraft:cobblestone_slab":5,"minecraft:iron_pickaxe":1,"minecraft:melon_slice":37,"minecraft:iron_boots":1,"minecraft:furnace":3,"minecraft:stick":113,"minecraft:composter":22,"minecraft:big_dripleaf":3,"minecraft:green_bed":2,"minecraft:torch":77,"minecraft:acacia_log":8,"minecraft:diorite":12,"minecraft:cactus":1,"minecraft:rotten_flesh":32,"minecraft:blaze_rod":2,"minecraft:obsidian":14,"minecraft:cobblestone":989,"minecraft:furnace_minecart":11,"minecraft:birch_log":12,"minecraft:feather":1,"minecraft:cooked_beef":12,"minecraft:andesite":20,"minecraft:jungle_log":1678,"minecraft:potato":468,"minecraft:flint":24,"minecraft:wither_skeleton_skull":1,"minecraft:lapis_lazuli":35,"minecraft:dirt":202,"minecraft:glass":209,"minecraft:bone":49,"minecraft:acacia_planks":45,"minecraft:stonecutter":6,"minecraft:bow":7,"minecraft:wheat_seeds":71,"minecraft:grindstone":5,"minecraft:fletching_table":50,"minecraft:glowstone_dust":4,"minecraft:bamboo":118,"minecraft:moss_block":1,"minecraft:oak_planks":96,"minecraft:poisonous_potato":5,"minecraft:jungle_planks":6,"minecraft:sand":1004,"minecraft:ink_sac":3,"minecraft:grass_block":291,"minecraft:dark_oak_log":41,"minecraft:diamond":36,"minecraft:granite":12,"minecraft:bone_meal":6,"minecraft:bread":48,"minecraft:oak_sapling":85,"minecraft:oak_leaves":84,"minecraft:diamond_pickaxe":1,"minecraft:cocoa_beans":4,"minecraft:crafting_table":11,"minecraft:ominous_bottle":1,"minecraft:chicken":1,"minecraft:clay_ball":52,"minecraft:shield":1,"minecraft:jungle_trapdoor":1,"minecraft:oak_trapdoor":3,"minecraft:beef":17,"minecraft:oak_boat":31,"minecraft:lectern":3,"minecraft:jungle_sapling":32,"minecraft:poppy":2,"minecraft:light_gray_wool":1,"minecraft:minecart":12,"minecraft:sugar_cane":36,"minecraft:chest":3,"minecraft:egg":2,"minecraft:dark_oak_sapling":4,"minecraft:raw_iron":400,"minecraft:sandstone":974,"minecraft:carrot":6,"minecraft:dark_oak_planks":2,"minecraft:arrow":56,"minecraft:stone_shovel":4,"minecraft:nether_bricks":3,"minecraft:hay_block":58,"minecraft:mutton":7,"minecraft:rail":207,"minecraft:white_wool":5,"minecraft:lime_bed":12,"minecraft:birch_leaves":99,"minecraft:cut_sandstone":1,"minecraft:leather":5,"minecraft:oak_log":970,"minecraft:chainmail_chestplate":1,"minecraft:gunpowder":9,"minecraft:white_banner":1,"minecraft:cooked_mutton":5,"minecraft:apple":11,"minecraft:kelp":10,"minecraft:iron_ingot":73,"minecraft:oak_fence_gate":1,"minecraft:scaffolding":102,"minecraft:gravel":119,"minecraft:blast_furnace":4,"minecraft:white_bed":16,"minecraft:spider_eye":3,"minecraft:diamond_shovel":1,"minecraft:diamond_axe":3,"minecraft:baked_potato":24,"minecraft:melon_seeds":4,"minecraft:coal":278,"minecraft:hopper":9},"minecraft:broken":{"minecraft:golden_shovel":1,"minecraft:stone_axe":1,"minecraft:stone_shovel":3,"minecraft:diamond_axe":1,"minecraft:iron_pickaxe":2},"minecraft:custom":{"minecraft:interact_with_crafting_table":147,"minecraft:leave_game":25,"minecraft:time_since_death":156582,"minecraft:sprint_one_cm":3263543,"minecraft:damage_blocked_by_shield":4744,"minecraft:drop":253,"minecraft:talked_to_villager":297,"minecraft:play_time":1413739,"minecraft:deaths":5,"minecraft:jump":20333,"minecraft:walk_on_water_one_cm":206225,"minecraft:interact_with_furnace":95,"minecraft:traded_with_villager":581,"minecraft:sleep_in_bed":50,"minecraft:damage_dealt":37791,"minecraft:player_kills":1,"minecraft:crouch_one_cm":93787,"minecraft:interact_with_smoker":42,"minecraft:interact_with_smithing_table":1,"minecraft:mob_kills":205,"minecraft:inspect_hopper":2,"minecraft:climb_one_cm":96389,"minecraft:walk_one_cm":2513088,"minecraft:sneak_time":46874,"minecraft:walk_under_water_one_cm":70611,"minecraft:boat_one_cm":921495,"minecraft:interact_with_blast_furnace":33,"minecraft:total_world_time":1413739,"minecraft:interact_with_stonecutter":3,"minecraft:time_since_rest":1833,"minecraft:damage_taken":6340,"minecraft:swim_one_cm":76366,"minecraft:fly_one_cm":4257619,"minecraft:open_chest":306,"minecraft:fall_one_cm":515606},"minecraft:killed_by":{"minecraft:player":3},"minecraft:crafted":{"minecraft:grindstone":1,"minecraft:oak_planks":372,"minecraft:oak_sign":18,"minecraft:stone":67,"minecraft:diamond_shovel":4,"minecraft:bookshelf":2,"minecraft:glass":158,"minecraft:iron_boots":12,"minecraft:diamond_helmet":1,"minecraft:diamond_leggings":1,"minecraft:bow":10,"minecraft:chest":23,"minecraft:rail":32,"minecraft:stone_hoe":1,"minecraft:furnace_minecart":1,"minecraft:oak_slab":6,"minecraft:arrow":32,"minecraft:emerald":482,"minecraft:diamond_axe":5,"minecraft:crafting_table":9,"minecraft:baked_potato":188,"minecraft:wooden_pickaxe":1,"minecraft:chainmail_chestplate":16,"minecraft:smithing_table":3,"minecraft:fletching_table":7,"minecraft:lectern":1,"minecraft:book":3,"minecraft:paper":21,"minecraft:iron_chestplate":2,"minecraft:diamond_pickaxe":2,"minecraft:shield":3,"minecraft:stick":9987,"minecraft:stone_slab":6,"minecraft:iron_ingot":380,"minecraft:iron_pickaxe":4,"minecraft:sandstone":14,"minecraft:stone_shovel":42,"minecraft:diamond_hoe":1,"minecraft:furnace":4,"minecraft:jungle_trapdoor":10,"minecraft:bone_meal":117,"minecraft:oak_trapdoor":18,"minecraft:scaffolding":114,"minecraft:iron_axe":10,"minecraft:stone_pickaxe":2,"minecraft:diamond_boots":1,"minecraft:dark_oak_planks":164,"minecraft:minecart":2,"minecraft:wheat":522,"minecraft:coal_block":3,"minecraft:bucket":2,"minecraft:stone_axe":6,"minecraft:bread":174,"minecraft:air":0,"minecraft:jungle_planks":4920,"minecraft:oak_fence_gate":7,"minecraft:oak_boat":8,"minecraft:iron_shovel":2,"minecraft:iron_leggings":1,"minecraft:stonecutter":1,"minecraft:acacia_planks":32,"minecraft:torch":260,"minecraft:diamond_chestplate":1}},"DataVersion":4082}