{"stats":{"minecraft:broken":{"minecraft:iron_shovel":3,"minecraft:iron_chestplate":1,"minecraft:stone_axe":2,"minecraft:stone_shovel":2,"minecraft:iron_axe":1,"minecraft:iron_pickaxe":4},"minecraft:used":{"minecraft:iron_shovel":998,"minecraft:ladder":12,"minecraft:chest":5,"minecraft:shield":50,"minecraft:iron_sword":92,"minecraft:mutton":2,"minecraft:jungle_planks":3,"minecraft:obsidian":1,"minecraft:glass":15,"minecraft:jungle_fence_gate":4,"minecraft:dark_oak_slab":607,"minecraft:furnace":6,"minecraft:potato":117,"minecraft:dark_oak_sapling":12,"minecraft:stone_pickaxe":155,"minecraft:oak_planks":59,"minecraft:wooden_pickaxe":15,"minecraft:sandstone":921,"minecraft:diamond_axe":345,"minecraft:sugar_cane":88,"minecraft:sand":322,"minecraft:cut_sandstone_slab":96,"minecraft:blast_furnace":1,"minecraft:crossbow":1,"minecraft:dark_oak_log":2,"minecraft:bread":109,"minecraft:gravel":140,"minecraft:dark_oak_fence":92,"minecraft:andesite":3,"minecraft:oak_boat":1,"minecraft:bone_meal":42,"minecraft:oak_trapdoor":6,"minecraft:flint_and_steel":5,"minecraft:stone_shovel":350,"minecraft:sandstone_wall":21,"minecraft:oak_door":3,"minecraft:torch":491,"minecraft:dirt":35,"minecraft:jungle_trapdoor":20,"minecraft:granite":3,"minecraft:dark_oak_planks":5,"minecraft:iron_axe":434,"minecraft:iron_boots":2,"minecraft:light_gray_wool":1,"minecraft:cooked_beef":23,"minecraft:acacia_planks":56,"minecraft:cooked_mutton":15,"minecraft:acacia_boat":6,"minecraft:water_bucket":283,"minecraft:sandstone_stairs":129,"minecraft:baked_potato":45,"minecraft:cut_sandstone":302,"minecraft:green_bed":5,"minecraft:crafting_table":21,"minecraft:lime_bed":4,"minecraft:birch_sign":1,"minecraft:white_bed":11,"minecraft:campfire":17,"minecraft:smoker":3,"minecraft:dark_oak_door":2,"minecraft:diamond_pickaxe":1420,"minecraft:diamond_shovel":79,"minecraft:iron_pickaxe":1216,"minecraft:stone_axe":272,"minecraft:fishing_rod":18,"minecraft:cobblestone":496,"minecraft:white_banner":2,"minecraft:jungle_door":2,"minecraft:bucket":284,"minecraft:sandstone_slab":118},"minecraft:killed":{"minecraft:cave_spider":2,"minecraft:witch":1,"minecraft:spider":11,"minecraft:pufferfish":2,"minecraft:skeleton":27,"minecraft:wolf":2,"minecraft:piglin":1,"minecraft:zombie_villager":1,"minecraft:salmon":2,"minecraft:iron_golem":4,"minecraft:creeper":4,"minecraft:sheep":42,"minecraft:pillager":5,"minecraft:zombie":6,"minecraft:cow":18,"minecraft:drowned":1,"minecraft:husk":17,"minecraft:enderman":1},"minecraft:custom":{"minecraft:interact_with_crafting_table":118,"minecraft:bell_ring":2,"minecraft:leave_game":13,"minecraft:time_since_death":122557,"minecraft:sprint_one_cm":1561217,"minecraft:damage_blocked_by_shield":2269,"minecraft:drop":168,"minecraft:talked_to_villager":25,"minecraft:play_time":1022216,"minecraft:deaths":10,"minecraft:jump":16174,"minecraft:walk_on_water_one_cm":86201,"minecraft:interact_with_furnace":113,"minecraft:sleep_in_bed":46,"minecraft:damage_dealt":26052,"minecraft:crouch_one_cm":73295,"minecraft:interact_with_smoker":66,"minecraft:mob_kills":149,"minecraft:climb_one_cm":10472,"minecraft:walk_one_cm":1654693,"minecraft:sneak_time":30856,"minecraft:walk_under_water_one_cm":57293,"minecraft:boat_one_cm":774360,"minecraft:interact_with_blast_furnace":9,"minecraft:total_world_time":1022216,"minecraft:time_since_rest":8113,"minecraft:damage_taken":11016,"minecraft:swim_one_cm":155941,"minecraft:fly_one_cm":3819833,"minecraft:open_chest":184,"minecraft:fish_caught":3,"minecraft:fall_one_cm":382612},"minecraft:killed_by":{"minecraft:wither_skeleton":1,"minecraft:creeper":2,"minecraft:pufferfish":1,"minecraft:player":4},"minecraft:crafted":{"minecraft:oak_planks":308,"minecraft:jungle_fence_gate":9,"minecraft:cut_sandstone":384,"minecraft:cut_sandstone_slab":96,"minecraft:stone":21,"minecraft:cooked_mutton":33,"minecraft:dark_oak_door":3,"minecraft:glass":215,"minecraft:hopper":9,"minecraft:iron_boots":1,"minecraft:chest":14,"minecraft:smoker":1,"minecraft:crafting_table":8,"minecraft:baked_potato":68,"minecraft:wooden_pickaxe":1,"minecraft:iron_helmet":1,"minecraft:birch_planks":28,"minecraft:campfire":17,"minecraft:dark_oak_slab":434,"minecraft:diamond_pickaxe":1,"minecraft:charcoal":14,"minecraft:shield":1,"minecraft:stick":332,"minecraft:iron_ingot":7,"minecraft:iron_pickaxe":6,"minecraft:sandstone":192,"minecraft:sandstone_stairs":176,"minecraft:oak_door":3,"minecraft:stone_shovel":3,"minecraft:fishing_rod":1,"minecraft:furnace":5,"minecraft:jungle_trapdoor":56,"minecraft:bone_meal":48,"minecraft:oak_trapdoor":4,"minecraft:scaffolding":18,"minecraft:dark_oak_fence":81,"minecraft:iron_axe":3,"minecraft:ladder":12,"minecraft:stone_pickaxe":1,"minecraft:dark_oak_planks":500,"minecraft:birch_sign":3,"minecraft:wheat":216,"minecraft:cooked_beef":46,"minecraft:coal_block":3,"minecraft:iron_sword":1,"minecraft:sandstone_slab":186,"minecraft:bucket":1,"minecraft:stone_axe":2,"minecraft:air":0,"minecraft:acacia_boat":1,"minecraft:bread":71,"minecraft:jungle_planks":372,"minecraft:oak_boat":2,"minecraft:sandstone_wall":24,"minecraft:jungle_door":3,"minecraft:iron_shovel":5,"minecraft:white_bed":6,"minecraft:acacia_planks":144,"minecraft:torch":492},"minecraft:mined":{"minecraft:cut_sandstone_slab":5,"minecraft:white_bed":11,"minecraft:granite":12,"minecraft:acacia_log":36,"minecraft:grass_block":18,"minecraft:jungle_log":21,"minecraft:sandstone_stairs":29,"minecraft:tall_seagrass":2,"minecraft:iron_ore":34,"minecraft:fire":4,"minecraft:deepslate_lapis_ore":9,"minecraft:white_banner":1,"minecraft:green_bed":5,"minecraft:jungle_trapdoor":6,"minecraft:deepslate_redstone_ore":16,"minecraft:sandstone_slab":8,"minecraft:cut_sandstone":36,"minecraft:smoker":2,"minecraft:torch":19,"minecraft:blast_furnace":1,"minecraft:dead_bush":9,"minecraft:cobblestone":194,"minecraft:oak_planks":9,"minecraft:sugar_cane":221,"minecraft:wall_torch":19,"minecraft:seagrass":1,"minecraft:dark_oak_slab":200,"minecraft:birch_log":7,"minecraft:wheat":13,"minecraft:oak_log":72,"minecraft:beetroots":1,"minecraft:sand":1157,"minecraft:dirt":23,"minecraft:sandstone_wall":4,"minecraft:oak_leaves":25,"minecraft:deepslate":463,"minecraft:tuff":20,"minecraft:dark_oak_leaves":29,"minecraft:deepslate_diamond_ore":21,"minecraft:oak_door":1,"minecraft:dark_oak_log":376,"minecraft:ladder":2,"minecraft:glow_lichen":2,"minecraft:nether_bricks":48,"minecraft:dark_oak_fence":13,"minecraft:sandstone":827,"minecraft:hay_block":23,"minecraft:oak_trapdoor":6,"minecraft:furnace":2,"minecraft:carrots":6,"minecraft:andesite":41,"minecraft:nether_brick_fence":2,"minecraft:potatoes":85,"minecraft:deepslate_iron_ore":64,"minecraft:vine":3,"minecraft:rail":32,"minecraft:bamboo":7,"minecraft:stone":529,"minecraft:smooth_sandstone":2,"minecraft:crafting_table":14,"minecraft:short_grass":13,"minecraft:campfire":2,"minecraft:deepslate_gold_ore":5,"minecraft:lapis_ore":11,"minecraft:diorite":24,"minecraft:lime_bed":4,"minecraft:cactus":7,"minecraft:birch_leaves":1,"minecraft:coal_ore":267,"minecraft:gravel":258,"minecraft:acacia_planks":2,"minecraft:fern":1},"minecraft:dropped":{"minecraft:iron_sword":1,"minecraft:birch_planks":1,"minecraft:ominous_bottle":1,"minecraft:cooked_beef":12,"minecraft:oak_log":32,"minecraft:baked_potato":39,"minecraft:sandstone_stairs":2,"minecraft:sandstone_slab":3,"minecraft:leather":18,"minecraft:jungle_planks":6,"minecraft:rail":2,"minecraft:flint":24,"minecraft:dirt":7,"minecraft:cut_sandstone":2,"minecraft:bone_meal":6,"minecraft:sand":23,"minecraft:iron_pickaxe":1,"minecraft:dark_oak_planks":1,"minecraft:white_wool":1,"minecraft:bone":12,"minecraft:gravel":92,"minecraft:stone_axe":1,"minecraft:iron_nugget":19,"minecraft:cobbled_deepslate":15,"minecraft:wheat":3,"minecraft:rotten_flesh":16,"minecraft:oak_planks":3,"minecraft:cooked_mutton":18,"minecraft:white_bed":6,"minecraft:carrot":7,"minecraft:sandstone_wall":2,"minecraft:poppy":5,"minecraft:gunpowder":3,"minecraft:jungle_log":64,"minecraft:hopper":18,"minecraft:acacia_sapling":1,"minecraft:glass":204,"minecraft:beef":2,"minecraft:scaffolding":18,"minecraft:iron_ingot":132,"minecraft:bread":62,"minecraft:wheat_seeds":3,"minecraft:iron_helmet":1,"minecraft:cobblestone":168,"minecraft:apple":2,"minecraft:granite":5,"minecraft:coal":64,"minecraft:stick":18,"minecraft:pufferfish":2,"minecraft:gray_wool":4,"minecraft:diorite":10,"minecraft:torch":49,"minecraft:brown_wool":1,"minecraft:iron_leggings":1,"minecraft:iron_axe":2,"minecraft:cactus":9,"minecraft:iron_shovel":1,"minecraft:string":13,"minecraft:acacia_planks":44,"minecraft:kelp":4,"minecraft:composter":1,"minecraft:light_gray_wool":3,"minecraft:iron_boots":1,"minecraft:potato":121,"minecraft:shield":1,"minecraft:iron_chestplate":1,"minecraft:diamond_pickaxe":2,"minecraft:andesite":6,"minecraft:oak_boat":1,"minecraft:spider_eye":5,"minecraft:bamboo":34,"minecraft:sandstone":27,"minecraft:stone_pickaxe":1,"minecraft:wooden_pickaxe":1,"minecraft:black_wool":1},"minecraft:picked_up":{"minecraft:iron_chestplate":1,"minecraft:wheat":3,"minecraft:string":13,"minecraft:pufferfish":2,"minecraft:cobbled_deepslate":277,"minecraft:furnace":2,"minecraft:iron_boots":1,"minecraft:stick":70,"minecraft:composter":1,"minecraft:green_bed":5,"minecraft:acacia_log":36,"minecraft:torch":69,"minecraft:sandstone_wall":6,"minecraft:diorite":18,"minecraft:cactus":30,"minecraft:rotten_flesh":28,"minecraft:tropical_fish":1,"minecraft:cod":1,"minecraft:cobblestone":904,"minecraft:birch_log":7,"minecraft:feather":1,"minecraft:andesite":32,"minecraft:jungle_log":205,"minecraft:brown_wool":1,"minecraft:smoker":2,"minecraft:potato":287,"minecraft:flint":22,"minecraft:tuff":20,"minecraft:acacia_boat":6,"minecraft:dirt":48,"minecraft:lapis_lazuli":128,"minecraft:cut_sandstone_slab":5,"minecraft:glass":4,"minecraft:bone":28,"minecraft:acacia_planks":9,"minecraft:bow":1,"minecraft:wheat_seeds":5,"minecraft:raw_gold":5,"minecraft:rabbit":1,"minecraft:bamboo":52,"minecraft:oak_planks":64,"minecraft:sand":1242,"minecraft:grass_block":2,"minecraft:dark_oak_log":407,"minecraft:diamond":20,"minecraft:crossbow":2,"minecraft:granite":11,"minecraft:bread":110,"minecraft:oak_sapling":1,"minecraft:dark_oak_fence":12,"minecraft:diamond_pickaxe":2,"minecraft:charcoal":9,"minecraft:crafting_table":13,"minecraft:sandstone_slab":11,"minecraft:ominous_bottle":2,"minecraft:chicken":4,"minecraft:ladder":2,"minecraft:shield":1,"minecraft:jungle_trapdoor":6,"minecraft:oak_trapdoor":6,"minecraft:beef":47,"minecraft:iron_nugget":14,"minecraft:poppy":5,"minecraft:light_gray_wool":4,"minecraft:sugar_cane":430,"minecraft:dark_oak_sapling":12,"minecraft:raw_iron":97,"minecraft:sandstone":1223,"minecraft:oak_door":1,"minecraft:redstone":71,"minecraft:carrot":7,"minecraft:dark_oak_planks":62,"minecraft:arrow":21,"minecraft:nether_bricks":44,"minecraft:hay_block":24,"minecraft:sandstone_stairs":30,"minecraft:mutton":67,"minecraft:rail":36,"minecraft:white_wool":32,"minecraft:lime_bed":4,"minecraft:glow_ink_sac":5,"minecraft:salmon":2,"minecraft:cut_sandstone":34,"minecraft:leather":18,"minecraft:oak_log":104,"minecraft:gunpowder":3,"minecraft:white_banner":3,"minecraft:smooth_sandstone":2,"minecraft:apple":2,"minecraft:kelp":4,"minecraft:iron_ingot":120,"minecraft:acacia_sapling":1,"minecraft:dark_oak_slab":250,"minecraft:gravel":232,"minecraft:blast_furnace":1,"minecraft:white_bed":11,"minecraft:spider_eye":5,"minecraft:diamond_shovel":1,"minecraft:stone_axe":2,"minecraft:diamond_axe":1,"minecraft:gray_wool":4,"minecraft:baked_potato":33,"minecraft:black_wool":1,"minecraft:coal":313,"minecraft:hopper":9}},"DataVersion":4082}