{"stats":{"minecraft:broken":{"minecraft:iron_shovel":3,"minecraft:iron_axe":1,"minecraft:stone_axe":1,"minecraft:iron_pickaxe":4,"minecraft:stone_shovel":1},"minecraft:used":{"minecraft:iron_shovel":998,"minecraft:flint_and_steel":3,"minecraft:stone_shovel":248,"minecraft:chest":4,"minecraft:shield":20,"minecraft:iron_sword":92,"minecraft:oak_door":3,"minecraft:torch":122,"minecraft:dirt":27,"minecraft:mutton":2,"minecraft:granite":3,"minecraft:obsidian":1,"minecraft:iron_axe":434,"minecraft:light_gray_wool":1,"minecraft:furnace":3,"minecraft:cooked_beef":15,"minecraft:potato":21,"minecraft:acacia_planks":32,"minecraft:dark_oak_sapling":12,"minecraft:cooked_mutton":2,"minecraft:acacia_boat":6,"minecraft:water_bucket":48,"minecraft:sandstone_stairs":29,"minecraft:stone_pickaxe":155,"minecraft:oak_planks":59,"minecraft:wooden_pickaxe":15,"minecraft:sandstone":286,"minecraft:cut_sandstone":92,"minecraft:green_bed":5,"minecraft:sand":217,"minecraft:lime_bed":4,"minecraft:crafting_table":16,"minecraft:blast_furnace":1,"minecraft:birch_sign":1,"minecraft:white_bed":10,"minecraft:smoker":3,"minecraft:dark_oak_log":2,"minecraft:bread":65,"minecraft:iron_pickaxe":1208,"minecraft:gravel":131,"minecraft:stone_axe":217,"minecraft:cobblestone":383,"minecraft:dark_oak_fence":12,"minecraft:bucket":49,"minecraft:andesite":3,"minecraft:oak_boat":1,"minecraft:bone_meal":42},"minecraft:killed":{"minecraft:cave_spider":2,"minecraft:spider":6,"minecraft:skeleton":18,"minecraft:drowned":1,"minecraft:husk":5,"minecraft:iron_golem":4,"minecraft:creeper":2,"minecraft:sheep":34,"minecraft:zombie":2,"minecraft:cow":18},"minecraft:custom":{"minecraft:mob_kills":92,"minecraft:interact_with_crafting_table":51,"minecraft:leave_game":7,"minecraft:time_since_death":329437,"minecraft:sprint_one_cm":670121,"minecraft:walk_one_cm":754910,"minecraft:damage_blocked_by_shield":500,"minecraft:drop":83,"minecraft:talked_to_villager":3,"minecraft:play_time":467716,"minecraft:deaths":1,"minecraft:sneak_time":7173,"minecraft:walk_under_water_one_cm":21727,"minecraft:boat_one_cm":774360,"minecraft:jump":7436,"minecraft:walk_on_water_one_cm":39497,"minecraft:total_world_time":467716,"minecraft:interact_with_furnace":28,"minecraft:sleep_in_bed":19,"minecraft:time_since_rest":1733,"minecraft:damage_taken":3646,"minecraft:damage_dealt":15741,"minecraft:fly_one_cm":1800226,"minecraft:swim_one_cm":85717,"minecraft:open_chest":62,"minecraft:crouch_one_cm":12362,"minecraft:interact_with_smoker":33,"minecraft:fall_one_cm":168295},"minecraft:crafted":{"minecraft:oak_door":3,"minecraft:oak_planks":204,"minecraft:stone_shovel":2,"minecraft:cut_sandstone":204,"minecraft:furnace":2,"minecraft:bone_meal":48,"minecraft:cooked_mutton":7,"minecraft:dark_oak_fence":75,"minecraft:iron_axe":2,"minecraft:stone_pickaxe":1,"minecraft:chest":4,"minecraft:dark_oak_planks":356,"minecraft:birch_sign":3,"minecraft:smoker":1,"minecraft:wheat":117,"minecraft:cooked_beef":38,"minecraft:crafting_table":6,"minecraft:wooden_pickaxe":1,"minecraft:iron_sword":1,"minecraft:bucket":1,"minecraft:birch_planks":28,"minecraft:stone_axe":2,"minecraft:acacia_boat":1,"minecraft:bread":38,"minecraft:air":0,"minecraft:oak_boat":2,"minecraft:dark_oak_slab":198,"minecraft:stick":112,"minecraft:iron_ingot":7,"minecraft:iron_pickaxe":5,"minecraft:iron_shovel":4,"minecraft:sandstone":192,"minecraft:white_bed":6,"minecraft:acacia_planks":120,"minecraft:torch":116,"minecraft:sandstone_stairs":36},"minecraft:mined":{"minecraft:white_bed":10,"minecraft:dark_oak_leaves":29,"minecraft:deepslate_diamond_ore":2,"minecraft:oak_door":1,"minecraft:dark_oak_log":376,"minecraft:glow_lichen":1,"minecraft:granite":7,"minecraft:dark_oak_fence":4,"minecraft:acacia_log":30,"minecraft:grass_block":9,"minecraft:sandstone":747,"minecraft:sandstone_stairs":11,"minecraft:hay_block":12,"minecraft:tall_seagrass":2,"minecraft:furnace":2,"minecraft:carrots":6,"minecraft:iron_ore":6,"minecraft:fire":3,"minecraft:andesite":26,"minecraft:potatoes":48,"minecraft:deepslate_iron_ore":4,"minecraft:stone":246,"minecraft:green_bed":5,"minecraft:cut_sandstone":26,"minecraft:smoker":2,"minecraft:crafting_table":12,"minecraft:torch":13,"minecraft:short_grass":10,"minecraft:blast_furnace":1,"minecraft:dead_bush":5,"minecraft:cobblestone":190,"minecraft:sugar_cane":41,"minecraft:oak_planks":9,"minecraft:wall_torch":5,"minecraft:seagrass":1,"minecraft:cactus":7,"minecraft:lime_bed":4,"minecraft:birch_log":7,"minecraft:wheat":13,"minecraft:birch_leaves":1,"minecraft:oak_log":55,"minecraft:coal_ore":48,"minecraft:beetroots":1,"minecraft:gravel":244,"minecraft:sand":1061,"minecraft:dirt":9,"minecraft:acacia_planks":2,"minecraft:oak_leaves":20,"minecraft:deepslate":2},"minecraft:dropped":{"minecraft:bread":62,"minecraft:iron_ingot":4,"minecraft:birch_planks":1,"minecraft:wheat_seeds":3,"minecraft:cooked_beef":12,"minecraft:oak_log":32,"minecraft:sandstone_stairs":2,"minecraft:cobblestone":158,"minecraft:leather":18,"minecraft:apple":2,"minecraft:granite":4,"minecraft:rail":2,"minecraft:stick":14,"minecraft:flint":2,"minecraft:dirt":7,"minecraft:gray_wool":4,"minecraft:torch":1,"minecraft:brown_wool":1,"minecraft:cut_sandstone":1,"minecraft:bone_meal":6,"minecraft:sand":17,"minecraft:iron_axe":1,"minecraft:cactus":9,"minecraft:string":9,"minecraft:dark_oak_planks":1,"minecraft:acacia_planks":44,"minecraft:bone":2,"minecraft:stone_axe":1,"minecraft:kelp":4,"minecraft:iron_nugget":19,"minecraft:wheat":3,"minecraft:composter":1,"minecraft:rotten_flesh":6,"minecraft:light_gray_wool":3,"minecraft:cooked_mutton":5,"minecraft:white_bed":6,"minecraft:carrot":6,"minecraft:poppy":5,"minecraft:potato":119,"minecraft:gunpowder":1,"minecraft:acacia_sapling":1,"minecraft:oak_boat":1,"minecraft:spider_eye":3,"minecraft:wooden_pickaxe":1,"minecraft:beef":2,"minecraft:stone_pickaxe":1,"minecraft:black_wool":1},"minecraft:picked_up":{"minecraft:iron_chestplate":1,"minecraft:crafting_table":12,"minecraft:wheat":3,"minecraft:chicken":1,"minecraft:shield":1,"minecraft:string":13,"minecraft:cobbled_deepslate":5,"minecraft:beef":47,"minecraft:iron_nugget":14,"minecraft:poppy":5,"minecraft:light_gray_wool":4,"minecraft:sugar_cane":81,"minecraft:furnace":2,"minecraft:dark_oak_sapling":12,"minecraft:stick":27,"minecraft:raw_iron":10,"minecraft:sandstone":757,"minecraft:oak_door":1,"minecraft:composter":1,"minecraft:acacia_log":30,"minecraft:torch":20,"minecraft:green_bed":5,"minecraft:carrot":6,"minecraft:cactus":30,"minecraft:arrow":16,"minecraft:rotten_flesh":6,"minecraft:hay_block":13,"minecraft:sandstone_stairs":10,"minecraft:mutton":48,"minecraft:cobblestone":642,"minecraft:rail":4,"minecraft:white_wool":24,"minecraft:birch_log":7,"minecraft:lime_bed":4,"minecraft:feather":1,"minecraft:glow_ink_sac":3,"minecraft:andesite":26,"minecraft:leather":18,"minecraft:brown_wool":1,"minecraft:cut_sandstone":24,"minecraft:smoker":2,"minecraft:potato":138,"minecraft:flint":22,"minecraft:oak_log":87,"minecraft:gunpowder":1,"minecraft:acacia_boat":6,"minecraft:dirt":36,"minecraft:bone":18,"minecraft:acacia_planks":9,"minecraft:apple":2,"minecraft:kelp":4,"minecraft:bow":1,"minecraft:wheat_seeds":3,"minecraft:iron_ingot":55,"minecraft:acacia_sapling":1,"minecraft:oak_planks":62,"minecraft:gravel":212,"minecraft:sand":1046,"minecraft:blast_furnace":1,"minecraft:white_bed":10,"minecraft:dark_oak_log":375,"minecraft:spider_eye":3,"minecraft:diamond":1,"minecraft:stone_axe":2,"minecraft:granite":7,"minecraft:gray_wool":4,"minecraft:bread":110,"minecraft:dark_oak_fence":2,"minecraft:black_wool":1,"minecraft:coal":63}},"DataVersion":4082}