{"stats":{"minecraft:used":{"minecraft:oak_trapdoor":6,"minecraft:iron_shovel":998,"minecraft:flint_and_steel":3,"minecraft:stone_shovel":350,"minecraft:chest":4,"minecraft:shield":30,"minecraft:iron_sword":92,"minecraft:oak_door":3,"minecraft:torch":413,"minecraft:dirt":29,"minecraft:mutton":2,"minecraft:jungle_trapdoor":15,"minecraft:granite":3,"minecraft:obsidian":1,"minecraft:iron_axe":434,"minecraft:dark_oak_slab":355,"minecraft:iron_boots":1,"minecraft:light_gray_wool":1,"minecraft:furnace":3,"minecraft:cooked_beef":15,"minecraft:potato":21,"minecraft:acacia_planks":32,"minecraft:dark_oak_sapling":12,"minecraft:cooked_mutton":2,"minecraft:acacia_boat":6,"minecraft:water_bucket":153,"minecraft:sandstone_stairs":64,"minecraft:baked_potato":8,"minecraft:stone_pickaxe":155,"minecraft:oak_planks":59,"minecraft:wooden_pickaxe":15,"minecraft:sandstone":633,"minecraft:cut_sandstone":163,"minecraft:green_bed":5,"minecraft:diamond_axe":191,"minecraft:sugar_cane":87,"minecraft:sand":285,"minecraft:cut_sandstone_slab":85,"minecraft:lime_bed":4,"minecraft:crafting_table":18,"minecraft:blast_furnace":1,"minecraft:birch_sign":1,"minecraft:white_bed":11,"minecraft:smoker":3,"minecraft:dark_oak_door":1,"minecraft:diamond_pickaxe":1123,"minecraft:dark_oak_log":2,"minecraft:bread":109,"minecraft:iron_pickaxe":1216,"minecraft:gravel":140,"minecraft:stone_axe":272,"minecraft:cobblestone":469,"minecraft:sandstone_slab":47,"minecraft:jungle_door":2,"minecraft:white_banner":2,"minecraft:dark_oak_fence":31,"minecraft:bucket":154,"minecraft:andesite":3,"minecraft:oak_boat":1,"minecraft:bone_meal":42},"minecraft:dropped":{"minecraft:iron_sword":1,"minecraft:bread":62,"minecraft:iron_ingot":4,"minecraft:birch_planks":1,"minecraft:wheat_seeds":3,"minecraft:ominous_bottle":1,"minecraft:cooked_beef":12,"minecraft:oak_log":32,"minecraft:baked_potato":13,"minecraft:sandstone_stairs":2,"minecraft:cobblestone":158,"minecraft:apple":2,"minecraft:leather":18,"minecraft:granite":5,"minecraft:jungle_planks":1,"minecraft:rail":2,"minecraft:coal":64,"minecraft:flint":24,"minecraft:stick":14,"minecraft:dirt":7,"minecraft:gray_wool":4,"minecraft:diorite":10,"minecraft:torch":1,"minecraft:brown_wool":1,"minecraft:cut_sandstone":2,"minecraft:iron_leggings":1,"minecraft:bone_meal":6,"minecraft:sand":17,"minecraft:iron_axe":2,"minecraft:iron_pickaxe":1,"minecraft:cactus":9,"minecraft:iron_shovel":1,"minecraft:string":13,"minecraft:dark_oak_planks":1,"minecraft:acacia_planks":44,"minecraft:bone":8,"minecraft:gravel":92,"minecraft:stone_axe":1,"minecraft:kelp":4,"minecraft:iron_nugget":19,"minecraft:cobbled_deepslate":15,"minecraft:wheat":3,"minecraft:composter":1,"minecraft:rotten_flesh":6,"minecraft:light_gray_wool":3,"minecraft:oak_planks":2,"minecraft:cooked_mutton":5,"minecraft:white_bed":6,"minecraft:carrot":6,"minecraft:poppy":5,"minecraft:potato":119,"minecraft:gunpowder":1,"minecraft:iron_chestplate":1,"minecraft:andesite":6,"minecraft:jungle_log":64,"minecraft:acacia_sapling":1,"minecraft:oak_boat":1,"minecraft:spider_eye":3,"minecraft:sandstone":27,"minecraft:wooden_pickaxe":1,"minecraft:stone_pickaxe":1,"minecraft:beef":2,"minecraft:black_wool":1},"minecraft:killed":{"minecraft:cave_spider":2,"minecraft:spider":7,"minecraft:skeleton":24,"minecraft:drowned":1,"minecraft:husk":7,"minecraft:iron_golem":4,"minecraft:creeper":2,"minecraft:sheep":40,"minecraft:pillager":2,"minecraft:zombie":5,"minecraft:cow":18},"minecraft:mined":{"minecraft:tuff":20,"minecraft:cut_sandstone_slab":1,"minecraft:white_bed":11,"minecraft:dark_oak_leaves":29,"minecraft:deepslate_diamond_ore":21,"minecraft:oak_door":1,"minecraft:dark_oak_log":376,"minecraft:glow_lichen":2,"minecraft:granite":8,"minecraft:dark_oak_fence":4,"minecraft:acacia_log":30,"minecraft:grass_block":11,"minecraft:jungle_log":21,"minecraft:sandstone":775,"minecraft:sandstone_stairs":17,"minecraft:hay_block":23,"minecraft:tall_seagrass":2,"minecraft:oak_trapdoor":2,"minecraft:furnace":2,"minecraft:carrots":6,"minecraft:iron_ore":34,"minecraft:fire":3,"minecraft:andesite":32,"minecraft:deepslate_lapis_ore":9,"minecraft:potatoes":48,"minecraft:deepslate_iron_ore":64,"minecraft:vine":3,"minecraft:stone":477,"minecraft:white_banner":1,"minecraft:green_bed":5,"minecraft:jungle_trapdoor":5,"minecraft:sandstone_slab":5,"minecraft:deepslate_redstone_ore":16,"minecraft:cut_sandstone":32,"minecraft:smoker":2,"minecraft:crafting_table":13,"minecraft:torch":18,"minecraft:short_grass":10,"minecraft:blast_furnace":1,"minecraft:dead_bush":5,"minecraft:cobblestone":191,"minecraft:lapis_ore":11,"minecraft:deepslate_gold_ore":5,"minecraft:sugar_cane":65,"minecraft:oak_planks":9,"minecraft:diorite":16,"minecraft:wall_torch":19,"minecraft:seagrass":1,"minecraft:cactus":7,"minecraft:lime_bed":4,"minecraft:dark_oak_slab":185,"minecraft:birch_log":7,"minecraft:wheat":13,"minecraft:birch_leaves":1,"minecraft:coal_ore":214,"minecraft:oak_log":55,"minecraft:beetroots":1,"minecraft:gravel":258,"minecraft:sand":1134,"minecraft:dirt":18,"minecraft:acacia_planks":2,"minecraft:oak_leaves":23,"minecraft:deepslate":460,"minecraft:fern":1},"minecraft:picked_up":{"minecraft:crafting_table":13,"minecraft:iron_chestplate":1,"minecraft:wheat":3,"minecraft:ominous_bottle":1,"minecraft:sandstone_slab":5,"minecraft:chicken":1,"minecraft:shield":1,"minecraft:jungle_trapdoor":5,"minecraft:oak_trapdoor":2,"minecraft:string":13,"minecraft:cobbled_deepslate":276,"minecraft:beef":47,"minecraft:iron_nugget":14,"minecraft:poppy":5,"minecraft:light_gray_wool":4,"minecraft:sugar_cane":144,"minecraft:iron_boots":1,"minecraft:furnace":2,"minecraft:dark_oak_sapling":12,"minecraft:stick":59,"minecraft:raw_iron":97,"minecraft:sandstone":1006,"minecraft:oak_door":1,"minecraft:composter":1,"minecraft:green_bed":5,"minecraft:torch":40,"minecraft:acacia_log":30,"minecraft:diorite":10,"minecraft:carrot":6,"minecraft:redstone":63,"minecraft:dark_oak_planks":62,"minecraft:rotten_flesh":9,"minecraft:arrow":21,"minecraft:cactus":30,"minecraft:hay_block":24,"minecraft:sandstone_stairs":18,"minecraft:mutton":58,"minecraft:cobblestone":844,"minecraft:rail":4,"minecraft:white_wool":30,"minecraft:birch_log":7,"minecraft:lime_bed":4,"minecraft:feather":1,"minecraft:glow_ink_sac":5,"minecraft:jungle_log":149,"minecraft:andesite":32,"minecraft:cut_sandstone":30,"minecraft:brown_wool":1,"minecraft:leather":18,"minecraft:smoker":2,"minecraft:potato":138,"minecraft:flint":22,"minecraft:tuff":20,"minecraft:oak_log":87,"minecraft:gunpowder":1,"minecraft:acacia_boat":6,"minecraft:lapis_lazuli":128,"minecraft:dirt":38,"minecraft:white_banner":2,"minecraft:bone":26,"minecraft:acacia_planks":9,"minecraft:apple":2,"minecraft:kelp":4,"minecraft:bow":1,"minecraft:wheat_seeds":3,"minecraft:raw_gold":5,"minecraft:iron_ingot":55,"minecraft:acacia_sapling":1,"minecraft:oak_planks":62,"minecraft:dark_oak_slab":226,"minecraft:gravel":232,"minecraft:sand":1137,"minecraft:blast_furnace":1,"minecraft:white_bed":11,"minecraft:dark_oak_log":375,"minecraft:spider_eye":3,"minecraft:diamond_shovel":1,"minecraft:diamond":20,"minecraft:stone_axe":2,"minecraft:diamond_axe":1,"minecraft:crossbow":2,"minecraft:granite":8,"minecraft:gray_wool":4,"minecraft:bread":110,"minecraft:baked_potato":27,"minecraft:black_wool":1,"minecraft:dark_oak_fence":4,"minecraft:coal":228},"minecraft:broken":{"minecraft:iron_shovel":3,"minecraft:iron_axe":1,"minecraft:stone_axe":2,"minecraft:iron_pickaxe":4,"minecraft:stone_shovel":2},"minecraft:custom":{"minecraft:mob_kills":113,"minecraft:interact_with_crafting_table":72,"minecraft:leave_game":10,"minecraft:time_since_death":14358,"minecraft:climb_one_cm":722,"minecraft:sprint_one_cm":1027102,"minecraft:walk_one_cm":1165690,"minecraft:damage_blocked_by_shield":982,"minecraft:drop":121,"minecraft:talked_to_villager":7,"minecraft:play_time":703481,"minecraft:deaths":2,"minecraft:sneak_time":16953,"minecraft:walk_under_water_one_cm":32995,"minecraft:boat_one_cm":774360,"minecraft:jump":10731,"minecraft:interact_with_blast_furnace":1,"minecraft:walk_on_water_one_cm":52230,"minecraft:total_world_time":703481,"minecraft:interact_with_furnace":30,"minecraft:sleep_in_bed":30,"minecraft:time_since_rest":9331,"minecraft:damage_taken":5991,"minecraft:damage_dealt":19007,"minecraft:swim_one_cm":91558,"minecraft:fly_one_cm":2459940,"minecraft:open_chest":105,"minecraft:crouch_one_cm":38301,"minecraft:interact_with_smoker":33,"minecraft:fall_one_cm":253678},"minecraft:crafted":{"minecraft:oak_door":3,"minecraft:oak_planks":204,"minecraft:stone_shovel":3,"minecraft:cut_sandstone":204,"minecraft:cut_sandstone_slab":96,"minecraft:furnace":2,"minecraft:jungle_trapdoor":56,"minecraft:bone_meal":48,"minecraft:cooked_mutton":7,"minecraft:oak_trapdoor":4,"minecraft:dark_oak_door":3,"minecraft:dark_oak_fence":75,"minecraft:iron_axe":3,"minecraft:stone_pickaxe":1,"minecraft:chest":4,"minecraft:dark_oak_planks":484,"minecraft:birch_sign":3,"minecraft:wheat":216,"minecraft:smoker":1,"minecraft:cooked_beef":38,"minecraft:crafting_table":6,"minecraft:wooden_pickaxe":1,"minecraft:iron_sword":1,"minecraft:sandstone_slab":60,"minecraft:bucket":1,"minecraft:birch_planks":28,"minecraft:stone_axe":2,"minecraft:bread":71,"minecraft:acacia_boat":1,"minecraft:air":0,"minecraft:jungle_planks":340,"minecraft:oak_boat":2,"minecraft:jungle_door":3,"minecraft:dark_oak_slab":326,"minecraft:diamond_pickaxe":1,"minecraft:stick":248,"minecraft:iron_ingot":7,"minecraft:iron_pickaxe":6,"minecraft:iron_shovel":5,"minecraft:sandstone":192,"minecraft:white_bed":6,"minecraft:acacia_planks":120,"minecraft:torch":492,"minecraft:sandstone_stairs":136}},"DataVersion":4082}