{"stats":{"minecraft:picked_up":{"minecraft:iron_chestplate":1,"minecraft:crafting_table":9,"minecraft:wheat":3,"minecraft:chicken":1,"minecraft:shield":1,"minecraft:string":9,"minecraft:cobbled_deepslate":5,"minecraft:beef":47,"minecraft:iron_nugget":14,"minecraft:poppy":5,"minecraft:light_gray_wool":4,"minecraft:sugar_cane":81,"minecraft:furnace":2,"minecraft:dark_oak_sapling":12,"minecraft:stick":23,"minecraft:raw_iron":10,"minecraft:sandstone":751,"minecraft:composter":1,"minecraft:green_bed":5,"minecraft:torch":20,"minecraft:acacia_log":30,"minecraft:carrot":6,"minecraft:cactus":30,"minecraft:arrow":16,"minecraft:rotten_flesh":4,"minecraft:hay_block":13,"minecraft:sandstone_stairs":8,"minecraft:mutton":48,"minecraft:cobblestone":529,"minecraft:rail":4,"minecraft:white_wool":24,"minecraft:birch_log":7,"minecraft:feather":1,"minecraft:glow_ink_sac":3,"minecraft:andesite":26,"minecraft:brown_wool":1,"minecraft:cut_sandstone":24,"minecraft:leather":18,"minecraft:smoker":2,"minecraft:potato":138,"minecraft:oak_log":81,"minecraft:gunpowder":1,"minecraft:acacia_boat":6,"minecraft:dirt":36,"minecraft:bone":18,"minecraft:acacia_planks":9,"minecraft:apple":2,"minecraft:kelp":4,"minecraft:bow":1,"minecraft:wheat_seeds":3,"minecraft:iron_ingot":55,"minecraft:acacia_sapling":1,"minecraft:oak_planks":62,"minecraft:sand":748,"minecraft:blast_furnace":1,"minecraft:white_bed":10,"minecraft:dark_oak_log":375,"minecraft:spider_eye":3,"minecraft:diamond":1,"minecraft:stone_axe":2,"minecraft:granite":7,"minecraft:gray_wool":4,"minecraft:bread":107,"minecraft:black_wool":1,"minecraft:coal":63},"minecraft:broken":{"minecraft:iron_shovel":3,"minecraft:iron_axe":1,"minecraft:stone_axe":1,"minecraft:iron_pickaxe":4},"minecraft:mined":{"minecraft:white_bed":10,"minecraft:dark_oak_leaves":29,"minecraft:deepslate_diamond_ore":2,"minecraft:dark_oak_log":376,"minecraft:glow_lichen":1,"minecraft:granite":7,"minecraft:acacia_log":30,"minecraft:grass_block":9,"minecraft:sandstone":741,"minecraft:sandstone_stairs":7,"minecraft:hay_block":12,"minecraft:furnace":2,"minecraft:carrots":6,"minecraft:iron_ore":6,"minecraft:fire":3,"minecraft:andesite":26,"minecraft:potatoes":48,"minecraft:deepslate_iron_ore":4,"minecraft:stone":246,"minecraft:green_bed":5,"minecraft:cut_sandstone":26,"minecraft:smoker":2,"minecraft:crafting_table":9,"minecraft:torch":13,"minecraft:short_grass":10,"minecraft:blast_furnace":1,"minecraft:dead_bush":2,"minecraft:cobblestone":77,"minecraft:oak_planks":9,"minecraft:sugar_cane":41,"minecraft:wall_torch":5,"minecraft:cactus":7,"minecraft:birch_log":7,"minecraft:wheat":13,"minecraft:birch_leaves":1,"minecraft:oak_log":49,"minecraft:coal_ore":48,"minecraft:beetroots":1,"minecraft:sand":822,"minecraft:dirt":9,"minecraft:acacia_planks":2,"minecraft:oak_leaves":20,"minecraft:deepslate":2},"minecraft:used":{"minecraft:iron_shovel":773,"minecraft:flint_and_steel":3,"minecraft:chest":4,"minecraft:shield":20,"minecraft:iron_sword":92,"minecraft:torch":122,"minecraft:dirt":27,"minecraft:mutton":2,"minecraft:granite":3,"minecraft:obsidian":1,"minecraft:iron_axe":434,"minecraft:light_gray_wool":1,"minecraft:furnace":3,"minecraft:cooked_beef":15,"minecraft:potato":21,"minecraft:acacia_planks":32,"minecraft:dark_oak_sapling":12,"minecraft:cooked_mutton":2,"minecraft:acacia_boat":6,"minecraft:water_bucket":27,"minecraft:sandstone_stairs":7,"minecraft:stone_pickaxe":155,"minecraft:oak_planks":59,"minecraft:wooden_pickaxe":15,"minecraft:sandstone":94,"minecraft:cut_sandstone":34,"minecraft:green_bed":5,"minecraft:sand":89,"minecraft:crafting_table":13,"minecraft:blast_furnace":1,"minecraft:birch_sign":1,"minecraft:white_bed":10,"minecraft:smoker":3,"minecraft:dark_oak_log":2,"minecraft:bread":52,"minecraft:iron_pickaxe":1085,"minecraft:stone_axe":198,"minecraft:cobblestone":234,"minecraft:bucket":28,"minecraft:andesite":3,"minecraft:oak_boat":1,"minecraft:bone_meal":42},"minecraft:custom":{"minecraft:mob_kills":91,"minecraft:interact_with_crafting_table":45,"minecraft:leave_game":6,"minecraft:time_since_death":197354,"minecraft:sprint_one_cm":549818,"minecraft:walk_one_cm":587676,"minecraft:damage_blocked_by_shield":500,"minecraft:drop":78,"minecraft:talked_to_villager":1,"minecraft:play_time":335633,"minecraft:deaths":1,"minecraft:sneak_time":5166,"minecraft:walk_under_water_one_cm":15144,"minecraft:boat_one_cm":774360,"minecraft:jump":5892,"minecraft:walk_on_water_one_cm":30814,"minecraft:total_world_time":335633,"minecraft:interact_with_furnace":28,"minecraft:sleep_in_bed":12,"minecraft:time_since_rest":3809,"minecraft:damage_taken":3306,"minecraft:damage_dealt":15540,"minecraft:swim_one_cm":38543,"minecraft:fly_one_cm":1399734,"minecraft:open_chest":54,"minecraft:crouch_one_cm":11449,"minecraft:interact_with_smoker":33,"minecraft:fall_one_cm":143287},"minecraft:crafted":{"minecraft:oak_planks":180,"minecraft:cut_sandstone":204,"minecraft:furnace":2,"minecraft:bone_meal":48,"minecraft:cooked_mutton":7,"minecraft:iron_axe":2,"minecraft:stone_pickaxe":1,"minecraft:chest":4,"minecraft:dark_oak_planks":100,"minecraft:birch_sign":3,"minecraft:smoker":1,"minecraft:wheat":117,"minecraft:cooked_beef":38,"minecraft:crafting_table":5,"minecraft:wooden_pickaxe":1,"minecraft:iron_sword":1,"minecraft:bucket":1,"minecraft:birch_planks":28,"minecraft:stone_axe":2,"minecraft:acacia_boat":1,"minecraft:bread":38,"minecraft:air":0,"minecraft:oak_boat":2,"minecraft:dark_oak_slab":198,"minecraft:stick":60,"minecraft:iron_ingot":7,"minecraft:iron_pickaxe":5,"minecraft:iron_shovel":4,"minecraft:sandstone":192,"minecraft:white_bed":6,"minecraft:acacia_planks":120,"minecraft:torch":116,"minecraft:sandstone_stairs":36},"minecraft:killed":{"minecraft:cave_spider":2,"minecraft:spider":6,"minecraft:skeleton":18,"minecraft:husk":5,"minecraft:iron_golem":4,"minecraft:creeper":2,"minecraft:sheep":34,"minecraft:zombie":2,"minecraft:cow":18},"minecraft:dropped":{"minecraft:bread":59,"minecraft:iron_ingot":4,"minecraft:birch_planks":1,"minecraft:wheat_seeds":3,"minecraft:cooked_beef":12,"minecraft:oak_log":32,"minecraft:sandstone_stairs":2,"minecraft:cobblestone":158,"minecraft:leather":18,"minecraft:apple":2,"minecraft:granite":4,"minecraft:rail":2,"minecraft:stick":14,"minecraft:flint":2,"minecraft:dirt":7,"minecraft:gray_wool":4,"minecraft:torch":1,"minecraft:brown_wool":1,"minecraft:cut_sandstone":1,"minecraft:bone_meal":6,"minecraft:sand":17,"minecraft:iron_axe":1,"minecraft:cactus":9,"minecraft:string":5,"minecraft:dark_oak_planks":1,"minecraft:acacia_planks":44,"minecraft:bone":2,"minecraft:stone_axe":1,"minecraft:kelp":4,"minecraft:iron_nugget":19,"minecraft:wheat":3,"minecraft:composter":1,"minecraft:rotten_flesh":4,"minecraft:light_gray_wool":3,"minecraft:cooked_mutton":5,"minecraft:white_bed":6,"minecraft:carrot":6,"minecraft:poppy":5,"minecraft:potato":119,"minecraft:gunpowder":1,"minecraft:acacia_sapling":1,"minecraft:oak_boat":1,"minecraft:spider_eye":3,"minecraft:wooden_pickaxe":1,"minecraft:beef":2,"minecraft:stone_pickaxe":1,"minecraft:black_wool":1}},"DataVersion":4082}