{"stats":{"minecraft:used":{"minecraft:iron_shovel":998,"minecraft:ladder":12,"minecraft:shield":30,"minecraft:chest":4,"minecraft:iron_sword":92,"minecraft:mutton":2,"minecraft:obsidian":1,"minecraft:jungle_fence_gate":4,"minecraft:dark_oak_slab":418,"minecraft:furnace":4,"minecraft:potato":21,"minecraft:dark_oak_sapling":12,"minecraft:stone_pickaxe":155,"minecraft:oak_planks":59,"minecraft:wooden_pickaxe":15,"minecraft:sandstone":762,"minecraft:diamond_axe":228,"minecraft:sugar_cane":87,"minecraft:sand":285,"minecraft:cut_sandstone_slab":96,"minecraft:blast_furnace":1,"minecraft:dark_oak_log":2,"minecraft:bread":109,"minecraft:gravel":140,"minecraft:dark_oak_fence":83,"minecraft:andesite":3,"minecraft:oak_boat":1,"minecraft:bone_meal":42,"minecraft:oak_trapdoor":6,"minecraft:flint_and_steel":3,"minecraft:stone_shovel":350,"minecraft:sandstone_wall":10,"minecraft:oak_door":3,"minecraft:torch":413,"minecraft:dirt":29,"minecraft:jungle_trapdoor":20,"minecraft:granite":3,"minecraft:iron_axe":434,"minecraft:iron_boots":1,"minecraft:light_gray_wool":1,"minecraft:cooked_beef":15,"minecraft:acacia_planks":32,"minecraft:cooked_mutton":9,"minecraft:acacia_boat":6,"minecraft:water_bucket":198,"minecraft:sandstone_stairs":86,"minecraft:baked_potato":13,"minecraft:cut_sandstone":219,"minecraft:green_bed":5,"minecraft:crafting_table":18,"minecraft:lime_bed":4,"minecraft:birch_sign":1,"minecraft:campfire":15,"minecraft:white_bed":11,"minecraft:smoker":3,"minecraft:dark_oak_door":1,"minecraft:diamond_pickaxe":1145,"minecraft:diamond_shovel":15,"minecraft:iron_pickaxe":1216,"minecraft:stone_axe":272,"minecraft:cobblestone":469,"minecraft:white_banner":2,"minecraft:jungle_door":2,"minecraft:bucket":199,"minecraft:sandstone_slab":60},"minecraft:dropped":{"minecraft:iron_sword":1,"minecraft:birch_planks":1,"minecraft:ominous_bottle":1,"minecraft:cooked_beef":12,"minecraft:oak_log":32,"minecraft:baked_potato":14,"minecraft:sandstone_stairs":2,"minecraft:leather":18,"minecraft:jungle_planks":1,"minecraft:rail":2,"minecraft:flint":24,"minecraft:dirt":7,"minecraft:cut_sandstone":2,"minecraft:bone_meal":6,"minecraft:sand":17,"minecraft:iron_pickaxe":1,"minecraft:dark_oak_planks":1,"minecraft:bone":12,"minecraft:gravel":92,"minecraft:stone_axe":1,"minecraft:iron_nugget":19,"minecraft:cobbled_deepslate":15,"minecraft:wheat":3,"minecraft:rotten_flesh":9,"minecraft:oak_planks":2,"minecraft:cooked_mutton":18,"minecraft:white_bed":6,"minecraft:carrot":6,"minecraft:sandstone_wall":2,"minecraft:poppy":5,"minecraft:gunpowder":1,"minecraft:jungle_log":64,"minecraft:acacia_sapling":1,"minecraft:beef":2,"minecraft:iron_ingot":4,"minecraft:bread":62,"minecraft:wheat_seeds":3,"minecraft:iron_helmet":1,"minecraft:cobblestone":168,"minecraft:apple":2,"minecraft:granite":5,"minecraft:coal":64,"minecraft:stick":18,"minecraft:gray_wool":4,"minecraft:diorite":10,"minecraft:torch":1,"minecraft:brown_wool":1,"minecraft:iron_leggings":1,"minecraft:iron_axe":2,"minecraft:cactus":9,"minecraft:iron_shovel":1,"minecraft:string":13,"minecraft:acacia_planks":44,"minecraft:kelp":4,"minecraft:composter":1,"minecraft:light_gray_wool":3,"minecraft:iron_boots":1,"minecraft:potato":119,"minecraft:shield":1,"minecraft:iron_chestplate":1,"minecraft:diamond_pickaxe":1,"minecraft:andesite":6,"minecraft:oak_boat":1,"minecraft:spider_eye":3,"minecraft:sandstone":27,"minecraft:stone_pickaxe":1,"minecraft:wooden_pickaxe":1,"minecraft:black_wool":1},"minecraft:killed":{"minecraft:cave_spider":2,"minecraft:spider":7,"minecraft:skeleton":24,"minecraft:iron_golem":4,"minecraft:creeper":2,"minecraft:sheep":41,"minecraft:pillager":2,"minecraft:zombie":5,"minecraft:cow":18,"minecraft:drowned":1,"minecraft:husk":7},"minecraft:mined":{"minecraft:cut_sandstone_slab":3,"minecraft:white_bed":11,"minecraft:granite":8,"minecraft:acacia_log":30,"minecraft:grass_block":11,"minecraft:jungle_log":21,"minecraft:sandstone_stairs":23,"minecraft:tall_seagrass":2,"minecraft:iron_ore":34,"minecraft:fire":3,"minecraft:deepslate_lapis_ore":9,"minecraft:white_banner":1,"minecraft:jungle_trapdoor":6,"minecraft:green_bed":5,"minecraft:deepslate_redstone_ore":16,"minecraft:sandstone_slab":5,"minecraft:cut_sandstone":34,"minecraft:smoker":2,"minecraft:torch":18,"minecraft:blast_furnace":1,"minecraft:dead_bush":5,"minecraft:cobblestone":191,"minecraft:oak_planks":9,"minecraft:sugar_cane":141,"minecraft:wall_torch":19,"minecraft:seagrass":1,"minecraft:dark_oak_slab":195,"minecraft:birch_log":7,"minecraft:wheat":13,"minecraft:oak_log":71,"minecraft:beetroots":1,"minecraft:sand":1134,"minecraft:dirt":18,"minecraft:sandstone_wall":4,"minecraft:deepslate":460,"minecraft:oak_leaves":23,"minecraft:tuff":20,"minecraft:dark_oak_leaves":29,"minecraft:deepslate_diamond_ore":21,"minecraft:oak_door":1,"minecraft:dark_oak_log":376,"minecraft:glow_lichen":2,"minecraft:ladder":2,"minecraft:dark_oak_fence":11,"minecraft:sandstone":783,"minecraft:hay_block":23,"minecraft:oak_trapdoor":2,"minecraft:furnace":2,"minecraft:carrots":6,"minecraft:andesite":32,"minecraft:potatoes":48,"minecraft:deepslate_iron_ore":64,"minecraft:vine":3,"minecraft:stone":477,"minecraft:crafting_table":13,"minecraft:short_grass":10,"minecraft:deepslate_gold_ore":5,"minecraft:lapis_ore":11,"minecraft:diorite":16,"minecraft:lime_bed":4,"minecraft:cactus":7,"minecraft:birch_leaves":1,"minecraft:coal_ore":214,"minecraft:gravel":258,"minecraft:acacia_planks":2,"minecraft:fern":1},"minecraft:picked_up":{"minecraft:iron_chestplate":1,"minecraft:wheat":3,"minecraft:string":13,"minecraft:cobbled_deepslate":276,"minecraft:furnace":2,"minecraft:iron_boots":1,"minecraft:stick":63,"minecraft:composter":1,"minecraft:acacia_log":30,"minecraft:torch":40,"minecraft:green_bed":5,"minecraft:sandstone_wall":6,"minecraft:diorite":10,"minecraft:cactus":30,"minecraft:rotten_flesh":9,"minecraft:cobblestone":854,"minecraft:birch_log":7,"minecraft:feather":1,"minecraft:andesite":32,"minecraft:jungle_log":205,"minecraft:brown_wool":1,"minecraft:smoker":2,"minecraft:potato":138,"minecraft:flint":22,"minecraft:tuff":20,"minecraft:acacia_boat":6,"minecraft:dirt":38,"minecraft:lapis_lazuli":128,"minecraft:cut_sandstone_slab":3,"minecraft:bone":28,"minecraft:acacia_planks":9,"minecraft:bow":1,"minecraft:wheat_seeds":3,"minecraft:raw_gold":5,"minecraft:rabbit":1,"minecraft:oak_planks":62,"minecraft:sand":1137,"minecraft:dark_oak_log":375,"minecraft:diamond":20,"minecraft:crossbow":2,"minecraft:granite":8,"minecraft:bread":110,"minecraft:dark_oak_fence":10,"minecraft:diamond_pickaxe":1,"minecraft:charcoal":7,"minecraft:crafting_table":13,"minecraft:sandstone_slab":5,"minecraft:ominous_bottle":1,"minecraft:chicken":4,"minecraft:ladder":2,"minecraft:shield":1,"minecraft:jungle_trapdoor":6,"minecraft:oak_trapdoor":2,"minecraft:beef":47,"minecraft:iron_nugget":14,"minecraft:poppy":5,"minecraft:light_gray_wool":4,"minecraft:sugar_cane":285,"minecraft:dark_oak_sapling":12,"minecraft:raw_iron":97,"minecraft:sandstone":1176,"minecraft:oak_door":1,"minecraft:redstone":63,"minecraft:carrot":6,"minecraft:dark_oak_planks":62,"minecraft:arrow":21,"minecraft:hay_block":24,"minecraft:sandstone_stairs":24,"minecraft:mutton":65,"minecraft:white_wool":31,"minecraft:rail":4,"minecraft:lime_bed":4,"minecraft:glow_ink_sac":5,"minecraft:leather":18,"minecraft:cut_sandstone":32,"minecraft:oak_log":103,"minecraft:gunpowder":1,"minecraft:white_banner":2,"minecraft:apple":2,"minecraft:kelp":4,"minecraft:iron_ingot":55,"minecraft:acacia_sapling":1,"minecraft:dark_oak_slab":235,"minecraft:gravel":232,"minecraft:blast_furnace":1,"minecraft:white_bed":11,"minecraft:spider_eye":3,"minecraft:diamond_shovel":1,"minecraft:stone_axe":2,"minecraft:diamond_axe":1,"minecraft:gray_wool":4,"minecraft:baked_potato":28,"minecraft:black_wool":1,"minecraft:coal":260},"minecraft:custom":{"minecraft:interact_with_crafting_table":98,"minecraft:bell_ring":2,"minecraft:leave_game":10,"minecraft:time_since_death":116358,"minecraft:sprint_one_cm":1139925,"minecraft:damage_blocked_by_shield":982,"minecraft:drop":133,"minecraft:talked_to_villager":20,"minecraft:play_time":805481,"minecraft:deaths":2,"minecraft:jump":12157,"minecraft:walk_on_water_one_cm":58481,"minecraft:interact_with_furnace":51,"minecraft:sleep_in_bed":38,"minecraft:damage_dealt":19103,"minecraft:crouch_one_cm":46489,"minecraft:interact_with_smoker":41,"minecraft:mob_kills":114,"minecraft:climb_one_cm":5245,"minecraft:walk_one_cm":1293536,"minecraft:sneak_time":21037,"minecraft:walk_under_water_one_cm":37984,"minecraft:boat_one_cm":774360,"minecraft:interact_with_blast_furnace":1,"minecraft:total_world_time":805481,"minecraft:time_since_rest":6682,"minecraft:damage_taken":6423,"minecraft:swim_one_cm":91558,"minecraft:fly_one_cm":2817470,"minecraft:open_chest":133,"minecraft:fall_one_cm":280994},"minecraft:broken":{"minecraft:iron_shovel":3,"minecraft:stone_axe":2,"minecraft:stone_shovel":2,"minecraft:iron_axe":1,"minecraft:iron_pickaxe":4},"minecraft:crafted":{"minecraft:oak_planks":220,"minecraft:jungle_fence_gate":9,"minecraft:cut_sandstone":256,"minecraft:cut_sandstone_slab":96,"minecraft:cooked_mutton":33,"minecraft:dark_oak_door":3,"minecraft:iron_boots":1,"minecraft:chest":4,"minecraft:smoker":1,"minecraft:crafting_table":6,"minecraft:wooden_pickaxe":1,"minecraft:iron_helmet":1,"minecraft:birch_planks":28,"minecraft:campfire":17,"minecraft:dark_oak_slab":326,"minecraft:charcoal":13,"minecraft:diamond_pickaxe":1,"minecraft:shield":1,"minecraft:stick":332,"minecraft:iron_ingot":7,"minecraft:iron_pickaxe":6,"minecraft:sandstone":192,"minecraft:sandstone_stairs":136,"minecraft:oak_door":3,"minecraft:stone_shovel":3,"minecraft:furnace":3,"minecraft:jungle_trapdoor":56,"minecraft:bone_meal":48,"minecraft:oak_trapdoor":4,"minecraft:dark_oak_fence":81,"minecraft:iron_axe":3,"minecraft:ladder":12,"minecraft:stone_pickaxe":1,"minecraft:dark_oak_planks":484,"minecraft:birch_sign":3,"minecraft:wheat":216,"minecraft:cooked_beef":46,"minecraft:iron_sword":1,"minecraft:sandstone_slab":60,"minecraft:bucket":1,"minecraft:stone_axe":2,"minecraft:air":0,"minecraft:acacia_boat":1,"minecraft:bread":71,"minecraft:jungle_planks":372,"minecraft:oak_boat":2,"minecraft:sandstone_wall":24,"minecraft:jungle_door":3,"minecraft:iron_shovel":5,"minecraft:white_bed":6,"minecraft:acacia_planks":120,"minecraft:torch":492}},"DataVersion":4082}