{"stats":{"minecraft:used":{"minecraft:stone_axe":7,"minecraft:crafting_table":1,"minecraft:stone_pickaxe":11,"minecraft:wooden_pickaxe":3},"minecraft:killed":{"minecraft:chicken":2,"minecraft:squid":1},"minecraft:mined":{"minecraft:short_grass":4,"minecraft:acacia_log":10,"minecraft:acacia_leaves":1,"minecraft:stone":14,"minecraft:crafting_table":1},"minecraft:picked_up":{"minecraft:crafting_table":1,"minecraft:feather":2,"minecraft:chicken":2,"minecraft:wheat_seeds":1,"minecraft:acacia_log":10,"minecraft:ink_sac":3,"minecraft:acacia_sapling":2,"minecraft:cobblestone":14},"minecraft:custom":{"minecraft:time_since_rest":5962,"minecraft:damage_taken":40,"minecraft:play_time":5962,"minecraft:sprint_one_cm":11287,"minecraft:walk_one_cm":5812,"minecraft:sneak_time":16,"minecraft:walk_under_water_one_cm":840,"minecraft:mob_kills":3,"minecraft:jump":83,"minecraft:damage_dealt":180,"minecraft:walk_on_water_one_cm":1463,"minecraft:time_since_death":5962,"minecraft:total_world_time":5962,"minecraft:swim_one_cm":9115,"minecraft:interact_with_crafting_table":4,"minecraft:fall_one_cm":1730,"minecraft:fly_one_cm":21643},"minecraft:crafted":{"minecraft:acacia_planks":40,"minecraft:stone_axe":1,"minecraft:crafting_table":1,"minecraft:stick":8,"minecraft:wooden_pickaxe":1,"minecraft:stone_pickaxe":1}},"DataVersion":4082}