{"stats":{"minecraft:used":{"minecraft:cooked_mutton":2,"minecraft:water_bucket":4,"minecraft:enchanting_table":2,"minecraft:iron_shovel":45,"minecraft:stone_pickaxe":11,"minecraft:baked_potato":14,"minecraft:cactus":2,"minecraft:wooden_pickaxe":3,"minecraft:sandstone":19,"minecraft:iron_sword":7,"minecraft:diamond_axe":4,"minecraft:iron_chestplate":1,"minecraft:dirt":4,"minecraft:sand":16,"minecraft:mutton":1,"minecraft:crafting_table":6,"minecraft:diamond_pickaxe":327,"minecraft:diamond_shovel":24,"minecraft:grass_block":1,"minecraft:iron_axe":34,"minecraft:suspicious_stew":1,"minecraft:iron_pickaxe":250,"minecraft:barrel":3,"minecraft:stone_axe":19,"minecraft:diamond_sword":3,"minecraft:cobblestone":81,"minecraft:beef":1,"minecraft:bucket":5,"minecraft:oak_boat":1,"minecraft:potato":24,"minecraft:gray_wool":2,"minecraft:iron_leggings":1},"minecraft:dropped":{"minecraft:stone_axe":1,"minecraft:wheat_seeds":3,"minecraft:chicken":3,"minecraft:stick":7,"minecraft:diorite":9,"minecraft:diamond_pickaxe":1,"minecraft:mutton":6,"minecraft:andesite":5,"minecraft:rabbit":1,"minecraft:acacia_slab":2,"minecraft:golden_leggings":1,"minecraft:acacia_sapling":2,"minecraft:sandstone":256,"minecraft:stone_pickaxe":1,"minecraft:acacia_planks":8},"minecraft:killed":{"minecraft:rabbit":2,"minecraft:squid":1,"minecraft:sheep":5,"minecraft:chicken":2,"minecraft:cow":5},"minecraft:mined":{"minecraft:tuff":4,"minecraft:acacia_leaves":1,"minecraft:deepslate_diamond_ore":56,"minecraft:crafting_table":5,"minecraft:grass_block":4,"minecraft:short_grass":5,"minecraft:acacia_log":10,"minecraft:melon":3,"minecraft:jungle_log":2,"minecraft:tall_grass":2,"minecraft:cobblestone":1,"minecraft:sugar_cane":29,"minecraft:diorite":11,"minecraft:sandstone":280,"minecraft:cactus":1,"minecraft:andesite":5,"minecraft:enchanting_table":1,"minecraft:gold_block":1,"minecraft:coal_ore":1,"minecraft:potatoes":24,"minecraft:oak_log":32,"minecraft:cocoa":1,"minecraft:vine":1,"minecraft:gravel":3,"minecraft:sand":73,"minecraft:dirt":4,"minecraft:stone":86,"minecraft:deepslate":141},"minecraft:picked_up":{"minecraft:enchanting_table":1,"minecraft:cocoa_beans":6,"minecraft:crafting_table":5,"minecraft:iron_chestplate":1,"minecraft:feather":2,"minecraft:chicken":2,"minecraft:andesite":5,"minecraft:jungle_log":2,"minecraft:leather":4,"minecraft:potato":65,"minecraft:gold_block":1,"minecraft:oak_log":32,"minecraft:shield":1,"minecraft:dirt":4,"minecraft:iron_axe":1,"minecraft:iron_leggings":1,"minecraft:cooked_mutton":13,"minecraft:iron_shovel":1,"minecraft:acacia_planks":4,"minecraft:wheat_seeds":3,"minecraft:cobbled_deepslate":64,"minecraft:beef":10,"minecraft:oak_boat":1,"minecraft:iron_pickaxe":1,"minecraft:rabbit":1,"minecraft:melon_slice":17,"minecraft:sugar_cane":66,"minecraft:iron_sword":1,"minecraft:acacia_sapling":2,"minecraft:iron_boots":1,"minecraft:stick":2,"minecraft:sandstone":275,"minecraft:acacia_log":10,"minecraft:sand":81,"minecraft:grass_block":4,"minecraft:ink_sac":3,"minecraft:diorite":9,"minecraft:cactus":2,"minecraft:diamond":56,"minecraft:stone_axe":1,"minecraft:iron_helmet":1,"minecraft:gray_wool":2,"minecraft:baked_potato":13,"minecraft:acacia_slab":2,"minecraft:mutton":7,"minecraft:coal":1,"minecraft:white_wool":3,"minecraft:cobblestone":87,"minecraft:diamond_pickaxe":1},"minecraft:broken":{"minecraft:iron_pickaxe":1},"minecraft:custom":{"minecraft:interact_with_furnace":1,"minecraft:mob_kills":15,"minecraft:animals_bred":2,"minecraft:interact_with_crafting_table":19,"minecraft:open_barrel":5,"minecraft:time_since_death":83962,"minecraft:climb_one_cm":1016,"minecraft:time_since_rest":8294,"minecraft:sprint_one_cm":269193,"minecraft:damage_taken":390,"minecraft:walk_one_cm":114516,"minecraft:drop":23,"minecraft:damage_dealt":1140,"minecraft:swim_one_cm":134866,"minecraft:fly_one_cm":410827,"minecraft:open_chest":36,"minecraft:crouch_one_cm":1306,"minecraft:play_time":83962,"minecraft:boat_one_cm":287,"minecraft:sneak_time":1273,"minecraft:walk_under_water_one_cm":7998,"minecraft:jump":1586,"minecraft:interact_with_blast_furnace":1,"minecraft:walk_on_water_one_cm":19764,"minecraft:total_world_time":83962,"minecraft:fall_one_cm":36533},"minecraft:crafted":{"minecraft:oak_planks":12,"minecraft:diamond_sword":1,"minecraft:barrel":3,"minecraft:diamond_axe":1,"minecraft:crafting_table":2,"minecraft:enchanting_table":1,"minecraft:acacia_slab":6,"minecraft:wooden_pickaxe":1,"minecraft:bucket":1,"minecraft:stone_axe":1,"minecraft:oak_boat":1,"minecraft:book":1,"minecraft:paper":3,"minecraft:diamond_pickaxe":1,"minecraft:stick":16,"minecraft:stone_pickaxe":1,"minecraft:acacia_planks":40}},"DataVersion":4082}