{"stats":{"minecraft:used":{"minecraft:enchanting_table":2,"minecraft:iron_shovel":45,"minecraft:flint_and_steel":13,"minecraft:shield":43,"minecraft:iron_sword":7,"minecraft:iron_chestplate":1,"minecraft:dirt":5,"minecraft:mutton":22,"minecraft:nether_bricks":227,"minecraft:iron_axe":34,"minecraft:grass_block":2,"minecraft:barrel":3,"minecraft:beef":1,"minecraft:cooked_beef":15,"minecraft:potato":25,"minecraft:iron_leggings":1,"minecraft:cooked_mutton":13,"minecraft:water_bucket":7,"minecraft:stone_pickaxe":11,"minecraft:baked_potato":32,"minecraft:oak_planks":2,"minecraft:cactus":2,"minecraft:wooden_pickaxe":3,"minecraft:sandstone":97,"minecraft:diamond_axe":95,"minecraft:green_bed":3,"minecraft:sand":84,"minecraft:lime_bed":1,"minecraft:tnt":1,"minecraft:oak_slab":1,"minecraft:crafting_table":8,"minecraft:crossbow":1,"minecraft:white_bed":1,"minecraft:diamond_pickaxe":766,"minecraft:diamond_shovel":50,"minecraft:iron_pickaxe":250,"minecraft:suspicious_stew":1,"minecraft:lectern":27,"minecraft:stone_axe":19,"minecraft:diamond_sword":181,"minecraft:cobblestone":159,"minecraft:pufferfish_bucket":8,"minecraft:bucket":15,"minecraft:oak_boat":5,"minecraft:gray_wool":2},"minecraft:dropped":{"minecraft:oak_slab":1,"minecraft:wheat_seeds":3,"minecraft:baked_potato":5,"minecraft:dark_oak_slab":9,"minecraft:granite":5,"minecraft:tropical_fish":1,"minecraft:stick":7,"minecraft:pufferfish":1,"minecraft:dark_oak_log":32,"minecraft:diorite":9,"minecraft:mutton":6,"minecraft:rabbit":1,"minecraft:acacia_planks":9,"minecraft:stone_brick_slab":1,"minecraft:stone_axe":1,"minecraft:sugar_cane":2,"minecraft:raw_copper":3,"minecraft:chicken":3,"minecraft:oak_planks":3,"minecraft:stone_slab":1,"minecraft:white_bed":1,"minecraft:carrot":1,"minecraft:potato":41,"minecraft:diamond_pickaxe":1,"minecraft:charcoal":7,"minecraft:andesite":5,"minecraft:acacia_slab":2,"minecraft:acacia_sapling":2,"minecraft:golden_leggings":1,"minecraft:spider_eye":1,"minecraft:sandstone":256,"minecraft:beef":3,"minecraft:stone_pickaxe":1,"minecraft:stone_brick_stairs":1},"minecraft:killed":{"minecraft:spider":11,"minecraft:skeleton":7,"minecraft:chicken":2,"minecraft:tropical_fish":1,"minecraft:piglin":1,"minecraft:husk":8,"minecraft:rabbit":2,"minecraft:creeper":8,"minecraft:squid":1,"minecraft:sheep":5,"minecraft:zombie":2,"minecraft:wither_skeleton":3,"minecraft:blaze":10,"minecraft:enderman":5,"minecraft:cow":6},"minecraft:mined":{"minecraft:tuff":4,"minecraft:white_bed":3,"minecraft:deepslate_diamond_ore":56,"minecraft:dark_oak_log":32,"minecraft:obsidian":4,"minecraft:nether_bricks":258,"minecraft:granite":5,"minecraft:acacia_log":10,"minecraft:grass_block":5,"minecraft:jungle_log":2,"minecraft:sandstone":362,"minecraft:sandstone_stairs":3,"minecraft:fire":11,"minecraft:andesite":5,"minecraft:enchanting_table":1,"minecraft:gold_block":1,"minecraft:potatoes":24,"minecraft:vine":1,"minecraft:stone":138,"minecraft:green_bed":3,"minecraft:acacia_leaves":1,"minecraft:stone_brick_slab":1,"minecraft:crafting_table":7,"minecraft:torch":1,"minecraft:short_grass":5,"minecraft:melon":3,"minecraft:lectern":26,"minecraft:stone_slab":1,"minecraft:copper_ore":1,"minecraft:tall_grass":2,"minecraft:cobblestone":27,"minecraft:lapis_ore":2,"minecraft:sugar_cane":32,"minecraft:diorite":11,"minecraft:wall_torch":1,"minecraft:lime_bed":1,"minecraft:cactus":1,"minecraft:stone_brick_stairs":1,"minecraft:oak_log":32,"minecraft:coal_ore":1,"minecraft:cocoa":1,"minecraft:gravel":3,"minecraft:sand":110,"minecraft:dirt":5,"minecraft:acacia_planks":1,"minecraft:deepslate":141},"minecraft:picked_up":{"minecraft:cocoa_beans":6,"minecraft:iron_chestplate":1,"minecraft:crafting_table":7,"minecraft:chicken":2,"minecraft:stone_slab":1,"minecraft:gold_block":1,"minecraft:stone_brick_stairs":1,"minecraft:shield":1,"minecraft:string":12,"minecraft:raw_copper":3,"minecraft:iron_axe":1,"minecraft:iron_leggings":1,"minecraft:iron_shovel":1,"minecraft:pufferfish":1,"minecraft:cobbled_deepslate":64,"minecraft:beef":13,"minecraft:oak_boat":6,"minecraft:iron_pickaxe":1,"minecraft:lectern":26,"minecraft:melon_slice":17,"minecraft:sugar_cane":74,"minecraft:iron_boots":1,"minecraft:stick":2,"minecraft:sandstone":355,"minecraft:green_bed":3,"minecraft:acacia_log":10,"minecraft:diorite":9,"minecraft:carrot":1,"minecraft:arrow":8,"minecraft:cactus":2,"minecraft:rotten_flesh":13,"minecraft:tropical_fish":1,"minecraft:nether_bricks":229,"minecraft:blaze_rod":6,"minecraft:obsidian":4,"minecraft:mutton":7,"minecraft:white_wool":3,"minecraft:cobblestone":165,"minecraft:enchanting_table":1,"minecraft:lime_bed":1,"minecraft:feather":2,"minecraft:jungle_log":2,"minecraft:andesite":5,"minecraft:leather":6,"minecraft:potato":67,"minecraft:oak_log":32,"minecraft:gunpowder":8,"minecraft:lapis_lazuli":9,"minecraft:dirt":5,"minecraft:cooked_mutton":13,"minecraft:bone":6,"minecraft:acacia_planks":5,"minecraft:wheat_seeds":3,"minecraft:rabbit":1,"minecraft:oak_planks":1,"minecraft:iron_sword":1,"minecraft:acacia_sapling":2,"minecraft:stone_brick_slab":1,"minecraft:sand":127,"minecraft:ink_sac":3,"minecraft:white_bed":2,"minecraft:grass_block":5,"minecraft:dark_oak_log":32,"minecraft:spider_eye":6,"minecraft:diamond":56,"minecraft:stone_axe":1,"minecraft:iron_helmet":1,"minecraft:granite":5,"minecraft:gray_wool":2,"minecraft:baked_potato":36,"minecraft:acacia_slab":2,"minecraft:coal":2,"minecraft:ender_pearl":2,"minecraft:diamond_pickaxe":1},"minecraft:broken":{"minecraft:iron_pickaxe":1},"minecraft:custom":{"minecraft:mob_kills":72,"minecraft:animals_bred":2,"minecraft:interact_with_crafting_table":39,"minecraft:open_barrel":23,"minecraft:leave_game":1,"minecraft:time_since_death":219218,"minecraft:climb_one_cm":1571,"minecraft:sprint_one_cm":641871,"minecraft:walk_one_cm":326219,"minecraft:damage_blocked_by_shield":1831,"minecraft:drop":47,"minecraft:talked_to_villager":79,"minecraft:play_time":219218,"minecraft:sneak_time":16549,"minecraft:walk_under_water_one_cm":21196,"minecraft:boat_one_cm":5133,"minecraft:jump":4062,"minecraft:interact_with_blast_furnace":1,"minecraft:walk_on_water_one_cm":41152,"minecraft:total_world_time":219218,"minecraft:interact_with_furnace":5,"minecraft:traded_with_villager":109,"minecraft:sleep_in_bed":3,"minecraft:time_since_rest":5164,"minecraft:damage_taken":2756,"minecraft:damage_dealt":14020,"minecraft:swim_one_cm":317319,"minecraft:fly_one_cm":1017109,"minecraft:player_kills":5,"minecraft:open_chest":64,"minecraft:crouch_one_cm":32607,"minecraft:fall_one_cm":103638},"minecraft:crafted":{"minecraft:oak_planks":140,"minecraft:barrel":3,"minecraft:bookshelf":1,"minecraft:diamond_helmet":1,"minecraft:diamond_leggings":1,"minecraft:bow":1,"minecraft:stone_pickaxe":1,"minecraft:diamond_boots":1,"minecraft:dark_oak_planks":1008,"minecraft:cooked_beef":1,"minecraft:oak_slab":6,"minecraft:diamond_sword":1,"minecraft:emerald":103,"minecraft:diamond_axe":1,"minecraft:crafting_table":2,"minecraft:enchanting_table":1,"minecraft:acacia_slab":6,"minecraft:wooden_pickaxe":1,"minecraft:bucket":1,"minecraft:stone_axe":1,"minecraft:enchanted_book":1,"minecraft:air":0,"minecraft:jungle_planks":480,"minecraft:tnt":1,"minecraft:oak_boat":1,"minecraft:lectern":1,"minecraft:book":6,"minecraft:paper":18,"minecraft:charcoal":7,"minecraft:diamond_pickaxe":1,"minecraft:stick":3476,"minecraft:sandstone":8,"minecraft:acacia_planks":40,"minecraft:diamond_chestplate":1}},"DataVersion":4082}