{"stats":{"minecraft:used":{"minecraft:stone_pickaxe":11,"minecraft:baked_potato":2,"minecraft:suspicious_stew":1,"minecraft:wooden_pickaxe":3,"minecraft:barrel":1,"minecraft:stone_axe":19,"minecraft:sand":3,"minecraft:mutton":1,"minecraft:beef":1,"minecraft:crafting_table":2},"minecraft:killed":{"minecraft:sheep":1,"minecraft:chicken":2,"minecraft:squid":1,"minecraft:cow":1},"minecraft:mined":{"minecraft:acacia_leaves":1,"minecraft:crafting_table":2,"minecraft:short_grass":4,"minecraft:acacia_log":10,"minecraft:melon":3,"minecraft:cocoa":1,"minecraft:vine":1,"minecraft:jungle_log":2,"minecraft:sand":3,"minecraft:tall_grass":2,"minecraft:stone":14,"minecraft:sugar_cane":4},"minecraft:picked_up":{"minecraft:cocoa_beans":6,"minecraft:crafting_table":2,"minecraft:feather":2,"minecraft:chicken":2,"minecraft:jungle_log":2,"minecraft:leather":1,"minecraft:acacia_log":10,"minecraft:sand":3,"minecraft:ink_sac":3,"minecraft:wheat_seeds":3,"minecraft:beef":1,"minecraft:gray_wool":1,"minecraft:baked_potato":13,"minecraft:melon_slice":17,"minecraft:sugar_cane":11,"minecraft:mutton":1,"minecraft:acacia_sapling":2,"minecraft:cobblestone":14},"minecraft:custom":{"minecraft:time_since_rest":7451,"minecraft:sprint_one_cm":50957,"minecraft:damage_taken":150,"minecraft:walk_one_cm":19068,"minecraft:mob_kills":5,"minecraft:damage_dealt":360,"minecraft:swim_one_cm":76717,"minecraft:interact_with_crafting_table":5,"minecraft:fly_one_cm":67194,"minecraft:open_barrel":1,"minecraft:open_chest":2,"minecraft:crouch_one_cm":107,"minecraft:play_time":17962,"minecraft:sneak_time":243,"minecraft:walk_under_water_one_cm":4566,"minecraft:jump":267,"minecraft:time_since_death":17962,"minecraft:walk_on_water_one_cm":12626,"minecraft:total_world_time":17962,"minecraft:climb_one_cm":8,"minecraft:fall_one_cm":6008},"minecraft:crafted":{"minecraft:barrel":2,"minecraft:crafting_table":1,"minecraft:stick":8,"minecraft:acacia_slab":6,"minecraft:wooden_pickaxe":1,"minecraft:stone_pickaxe":1,"minecraft:acacia_planks":40,"minecraft:stone_axe":1}},"DataVersion":4082}