{"stats":{"minecraft:used":{"minecraft:iron_shovel":45,"minecraft:iron_axe":32,"minecraft:iron_pickaxe":1,"minecraft:stone_pickaxe":11,"minecraft:baked_potato":5,"minecraft:suspicious_stew":1,"minecraft:wooden_pickaxe":3,"minecraft:iron_sword":7,"minecraft:barrel":1,"minecraft:iron_chestplate":1,"minecraft:stone_axe":19,"minecraft:sand":3,"minecraft:mutton":1,"minecraft:beef":1,"minecraft:crafting_table":2,"minecraft:iron_leggings":1},"minecraft:killed":{"minecraft:sheep":5,"minecraft:chicken":2,"minecraft:rabbit":2,"minecraft:squid":1,"minecraft:cow":1},"minecraft:mined":{"minecraft:acacia_leaves":1,"minecraft:gold_block":1,"minecraft:crafting_table":2,"minecraft:short_grass":4,"minecraft:acacia_log":10,"minecraft:oak_log":32,"minecraft:melon":3,"minecraft:cocoa":1,"minecraft:vine":1,"minecraft:jungle_log":2,"minecraft:sand":48,"minecraft:tall_grass":2,"minecraft:stone":14,"minecraft:sugar_cane":16},"minecraft:picked_up":{"minecraft:cocoa_beans":6,"minecraft:iron_chestplate":1,"minecraft:crafting_table":2,"minecraft:feather":2,"minecraft:chicken":2,"minecraft:jungle_log":2,"minecraft:leather":1,"minecraft:acacia_log":10,"minecraft:gold_block":1,"minecraft:sand":46,"minecraft:oak_log":32,"minecraft:ink_sac":3,"minecraft:shield":1,"minecraft:iron_axe":1,"minecraft:iron_leggings":1,"minecraft:iron_shovel":1,"minecraft:wheat_seeds":3,"minecraft:iron_helmet":1,"minecraft:beef":1,"minecraft:rabbit":1,"minecraft:gray_wool":2,"minecraft:iron_pickaxe":1,"minecraft:baked_potato":13,"minecraft:white_wool":3,"minecraft:melon_slice":17,"minecraft:sugar_cane":42,"minecraft:iron_sword":1,"minecraft:mutton":7,"minecraft:acacia_sapling":2,"minecraft:iron_boots":1,"minecraft:cobblestone":14},"minecraft:custom":{"minecraft:time_since_rest":6614,"minecraft:sprint_one_cm":100648,"minecraft:damage_taken":154,"minecraft:walk_one_cm":32308,"minecraft:mob_kills":11,"minecraft:damage_dealt":740,"minecraft:swim_one_cm":97587,"minecraft:interact_with_crafting_table":5,"minecraft:fly_one_cm":169245,"minecraft:open_barrel":1,"minecraft:open_chest":5,"minecraft:crouch_one_cm":203,"minecraft:play_time":29962,"minecraft:sneak_time":280,"minecraft:walk_under_water_one_cm":5521,"minecraft:jump":600,"minecraft:time_since_death":29962,"minecraft:walk_on_water_one_cm":16737,"minecraft:total_world_time":29962,"minecraft:climb_one_cm":8,"minecraft:fall_one_cm":13021},"minecraft:crafted":{"minecraft:barrel":2,"minecraft:crafting_table":1,"minecraft:stick":8,"minecraft:acacia_slab":6,"minecraft:wooden_pickaxe":1,"minecraft:stone_pickaxe":1,"minecraft:acacia_planks":40,"minecraft:stone_axe":1}},"DataVersion":4082}