{"stats":{"minecraft:used":{"minecraft:iron_shovel":45,"minecraft:stone_pickaxe":11,"minecraft:baked_potato":9,"minecraft:wooden_pickaxe":3,"minecraft:iron_sword":7,"minecraft:iron_chestplate":1,"minecraft:sand":3,"minecraft:mutton":1,"minecraft:crafting_table":3,"minecraft:iron_axe":33,"minecraft:suspicious_stew":1,"minecraft:iron_pickaxe":1,"minecraft:barrel":1,"minecraft:stone_axe":19,"minecraft:beef":1,"minecraft:potato":24,"minecraft:gray_wool":2,"minecraft:iron_leggings":1},"minecraft:dropped":{"minecraft:stone_axe":1,"minecraft:wheat_seeds":3,"minecraft:chicken":3,"minecraft:stick":4,"minecraft:mutton":6,"minecraft:rabbit":1,"minecraft:acacia_slab":2,"minecraft:stone_pickaxe":1},"minecraft:killed":{"minecraft:rabbit":2,"minecraft:squid":1,"minecraft:sheep":5,"minecraft:chicken":2,"minecraft:cow":1},"minecraft:mined":{"minecraft:acacia_leaves":1,"minecraft:crafting_table":3,"minecraft:short_grass":4,"minecraft:acacia_log":10,"minecraft:melon":3,"minecraft:jungle_log":2,"minecraft:tall_grass":2,"minecraft:sugar_cane":16,"minecraft:gold_block":1,"minecraft:potatoes":24,"minecraft:oak_log":32,"minecraft:cocoa":1,"minecraft:vine":1,"minecraft:sand":48,"minecraft:stone":14},"minecraft:picked_up":{"minecraft:cocoa_beans":6,"minecraft:crafting_table":3,"minecraft:iron_chestplate":1,"minecraft:feather":2,"minecraft:chicken":2,"minecraft:jungle_log":2,"minecraft:leather":1,"minecraft:potato":65,"minecraft:gold_block":1,"minecraft:oak_log":32,"minecraft:shield":1,"minecraft:iron_axe":1,"minecraft:iron_leggings":1,"minecraft:iron_shovel":1,"minecraft:wheat_seeds":3,"minecraft:beef":1,"minecraft:iron_pickaxe":1,"minecraft:rabbit":1,"minecraft:melon_slice":17,"minecraft:sugar_cane":42,"minecraft:iron_sword":1,"minecraft:acacia_sapling":2,"minecraft:iron_boots":1,"minecraft:stick":2,"minecraft:acacia_log":10,"minecraft:sand":48,"minecraft:ink_sac":3,"minecraft:stone_axe":1,"minecraft:iron_helmet":1,"minecraft:gray_wool":2,"minecraft:baked_potato":13,"minecraft:acacia_slab":2,"minecraft:mutton":7,"minecraft:white_wool":3,"minecraft:cobblestone":14},"minecraft:custom":{"minecraft:mob_kills":11,"minecraft:interact_with_crafting_table":9,"minecraft:open_barrel":1,"minecraft:time_since_death":47962,"minecraft:climb_one_cm":8,"minecraft:time_since_rest":11418,"minecraft:sprint_one_cm":178843,"minecraft:damage_taken":154,"minecraft:walk_one_cm":53165,"minecraft:drop":10,"minecraft:damage_dealt":740,"minecraft:swim_one_cm":99048,"minecraft:fly_one_cm":315144,"minecraft:open_chest":22,"minecraft:crouch_one_cm":764,"minecraft:play_time":47962,"minecraft:sneak_time":1009,"minecraft:walk_under_water_one_cm":5740,"minecraft:jump":1090,"minecraft:walk_on_water_one_cm":17005,"minecraft:total_world_time":47962,"minecraft:fall_one_cm":26540},"minecraft:crafted":{"minecraft:barrel":3,"minecraft:crafting_table":1,"minecraft:acacia_slab":6,"minecraft:wooden_pickaxe":1,"minecraft:bucket":1,"minecraft:stone_axe":1,"minecraft:stick":8,"minecraft:stone_pickaxe":1,"minecraft:acacia_planks":40}},"DataVersion":4082}