{"stats":{"minecraft:used":{"minecraft:enchanting_table":2,"minecraft:iron_shovel":45,"minecraft:iron_sword":7,"minecraft:iron_chestplate":1,"minecraft:dirt":5,"minecraft:mutton":1,"minecraft:iron_axe":34,"minecraft:grass_block":1,"minecraft:barrel":3,"minecraft:beef":1,"minecraft:potato":24,"minecraft:iron_leggings":1,"minecraft:cooked_mutton":11,"minecraft:water_bucket":4,"minecraft:stone_pickaxe":11,"minecraft:baked_potato":14,"minecraft:oak_planks":1,"minecraft:cactus":2,"minecraft:wooden_pickaxe":3,"minecraft:sandstone":93,"minecraft:diamond_axe":34,"minecraft:sand":72,"minecraft:oak_slab":1,"minecraft:crafting_table":8,"minecraft:white_bed":1,"minecraft:diamond_pickaxe":489,"minecraft:diamond_shovel":27,"minecraft:iron_pickaxe":250,"minecraft:suspicious_stew":1,"minecraft:lectern":27,"minecraft:stone_axe":19,"minecraft:diamond_sword":12,"minecraft:cobblestone":153,"minecraft:pufferfish_bucket":1,"minecraft:bucket":6,"minecraft:oak_boat":2,"minecraft:gray_wool":2},"minecraft:dropped":{"minecraft:wheat_seeds":3,"minecraft:stick":7,"minecraft:diorite":9,"minecraft:mutton":6,"minecraft:rabbit":1,"minecraft:acacia_planks":8,"minecraft:stone_axe":1,"minecraft:chicken":3,"minecraft:white_bed":1,"minecraft:diamond_pickaxe":1,"minecraft:charcoal":7,"minecraft:andesite":5,"minecraft:acacia_slab":2,"minecraft:golden_leggings":1,"minecraft:acacia_sapling":2,"minecraft:sandstone":256,"minecraft:stone_pickaxe":1},"minecraft:killed":{"minecraft:spider":1,"minecraft:skeleton":1,"minecraft:chicken":2,"minecraft:tropical_fish":1,"minecraft:husk":1,"minecraft:rabbit":2,"minecraft:squid":1,"minecraft:sheep":5,"minecraft:cow":6},"minecraft:mined":{"minecraft:tuff":4,"minecraft:white_bed":3,"minecraft:deepslate_diamond_ore":56,"minecraft:obsidian":4,"minecraft:granite":5,"minecraft:acacia_log":10,"minecraft:grass_block":4,"minecraft:jungle_log":2,"minecraft:sandstone":348,"minecraft:andesite":5,"minecraft:gold_block":1,"minecraft:enchanting_table":1,"minecraft:potatoes":24,"minecraft:vine":1,"minecraft:stone":138,"minecraft:acacia_leaves":1,"minecraft:stone_brick_slab":1,"minecraft:crafting_table":7,"minecraft:short_grass":5,"minecraft:melon":3,"minecraft:lectern":26,"minecraft:stone_slab":1,"minecraft:copper_ore":1,"minecraft:tall_grass":2,"minecraft:cobblestone":27,"minecraft:lapis_ore":2,"minecraft:sugar_cane":31,"minecraft:diorite":11,"minecraft:cactus":1,"minecraft:stone_brick_stairs":1,"minecraft:oak_log":32,"minecraft:coal_ore":1,"minecraft:cocoa":1,"minecraft:sand":86,"minecraft:gravel":3,"minecraft:dirt":5,"minecraft:deepslate":141},"minecraft:picked_up":{"minecraft:cocoa_beans":6,"minecraft:iron_chestplate":1,"minecraft:crafting_table":7,"minecraft:chicken":2,"minecraft:stone_slab":1,"minecraft:gold_block":1,"minecraft:stone_brick_stairs":1,"minecraft:shield":1,"minecraft:string":2,"minecraft:raw_copper":3,"minecraft:iron_axe":1,"minecraft:iron_leggings":1,"minecraft:iron_shovel":1,"minecraft:cobbled_deepslate":64,"minecraft:beef":13,"minecraft:oak_boat":2,"minecraft:iron_pickaxe":1,"minecraft:lectern":26,"minecraft:melon_slice":17,"minecraft:sugar_cane":72,"minecraft:iron_boots":1,"minecraft:stick":2,"minecraft:sandstone":343,"minecraft:acacia_log":10,"minecraft:diorite":9,"minecraft:arrow":1,"minecraft:cactus":2,"minecraft:rotten_flesh":3,"minecraft:tropical_fish":1,"minecraft:mutton":7,"minecraft:obsidian":4,"minecraft:white_wool":3,"minecraft:cobblestone":165,"minecraft:enchanting_table":1,"minecraft:feather":2,"minecraft:jungle_log":2,"minecraft:andesite":5,"minecraft:leather":6,"minecraft:potato":65,"minecraft:oak_log":32,"minecraft:lapis_lazuli":9,"minecraft:dirt":5,"minecraft:cooked_mutton":13,"minecraft:acacia_planks":4,"minecraft:wheat_seeds":3,"minecraft:rabbit":1,"minecraft:iron_sword":1,"minecraft:acacia_sapling":2,"minecraft:stone_brick_slab":1,"minecraft:sand":98,"minecraft:ink_sac":3,"minecraft:white_bed":2,"minecraft:grass_block":4,"minecraft:diamond":56,"minecraft:stone_axe":1,"minecraft:iron_helmet":1,"minecraft:granite":5,"minecraft:gray_wool":2,"minecraft:baked_potato":13,"minecraft:acacia_slab":2,"minecraft:coal":1,"minecraft:diamond_pickaxe":1},"minecraft:broken":{"minecraft:iron_pickaxe":1},"minecraft:custom":{"minecraft:mob_kills":20,"minecraft:animals_bred":2,"minecraft:interact_with_crafting_table":34,"minecraft:open_barrel":23,"minecraft:time_since_death":131962,"minecraft:climb_one_cm":1016,"minecraft:sprint_one_cm":393493,"minecraft:walk_one_cm":170741,"minecraft:drop":25,"minecraft:talked_to_villager":70,"minecraft:play_time":131962,"minecraft:sneak_time":5310,"minecraft:walk_under_water_one_cm":11097,"minecraft:boat_one_cm":656,"minecraft:jump":2428,"minecraft:interact_with_blast_furnace":1,"minecraft:walk_on_water_one_cm":25575,"minecraft:total_world_time":131962,"minecraft:interact_with_furnace":3,"minecraft:traded_with_villager":108,"minecraft:sleep_in_bed":2,"minecraft:time_since_rest":90,"minecraft:damage_taken":574,"minecraft:damage_dealt":1640,"minecraft:swim_one_cm":256702,"minecraft:fly_one_cm":627716,"minecraft:open_chest":52,"minecraft:crouch_one_cm":7171,"minecraft:fall_one_cm":63252},"minecraft:crafted":{"minecraft:oak_planks":140,"minecraft:barrel":3,"minecraft:bookshelf":1,"minecraft:diamond_helmet":1,"minecraft:diamond_leggings":1,"minecraft:stone_pickaxe":1,"minecraft:diamond_boots":1,"minecraft:dark_oak_planks":1008,"minecraft:cooked_beef":1,"minecraft:oak_slab":6,"minecraft:diamond_sword":1,"minecraft:emerald":103,"minecraft:diamond_axe":1,"minecraft:crafting_table":2,"minecraft:enchanting_table":1,"minecraft:acacia_slab":6,"minecraft:wooden_pickaxe":1,"minecraft:bucket":1,"minecraft:stone_axe":1,"minecraft:enchanted_book":1,"minecraft:air":0,"minecraft:jungle_planks":480,"minecraft:oak_boat":1,"minecraft:lectern":1,"minecraft:book":6,"minecraft:paper":18,"minecraft:diamond_pickaxe":1,"minecraft:charcoal":7,"minecraft:stick":3476,"minecraft:sandstone":6,"minecraft:acacia_planks":40,"minecraft:diamond_chestplate":1}},"DataVersion":4082}