{"stats":{"minecraft:used":{"minecraft:enchanting_table":2,"minecraft:iron_shovel":45,"minecraft:iron_sword":7,"minecraft:iron_chestplate":1,"minecraft:dirt":4,"minecraft:mutton":1,"minecraft:iron_axe":34,"minecraft:grass_block":1,"minecraft:barrel":3,"minecraft:beef":1,"minecraft:potato":24,"minecraft:iron_leggings":1,"minecraft:cooked_mutton":6,"minecraft:water_bucket":4,"minecraft:stone_pickaxe":11,"minecraft:baked_potato":14,"minecraft:oak_planks":1,"minecraft:cactus":2,"minecraft:wooden_pickaxe":3,"minecraft:sandstone":19,"minecraft:diamond_axe":4,"minecraft:sand":69,"minecraft:crafting_table":6,"minecraft:diamond_pickaxe":334,"minecraft:diamond_shovel":24,"minecraft:iron_pickaxe":250,"minecraft:suspicious_stew":1,"minecraft:stone_axe":19,"minecraft:diamond_sword":3,"minecraft:cobblestone":81,"minecraft:bucket":5,"minecraft:oak_boat":1,"minecraft:gray_wool":2},"minecraft:dropped":{"minecraft:wheat_seeds":3,"minecraft:stick":7,"minecraft:diorite":9,"minecraft:mutton":6,"minecraft:rabbit":1,"minecraft:acacia_planks":8,"minecraft:stone_axe":1,"minecraft:chicken":3,"minecraft:diamond_pickaxe":1,"minecraft:charcoal":7,"minecraft:andesite":5,"minecraft:acacia_slab":2,"minecraft:golden_leggings":1,"minecraft:acacia_sapling":2,"minecraft:sandstone":256,"minecraft:stone_pickaxe":1},"minecraft:killed":{"minecraft:chicken":2,"minecraft:rabbit":2,"minecraft:squid":1,"minecraft:sheep":5,"minecraft:cow":5},"minecraft:mined":{"minecraft:tuff":4,"minecraft:deepslate_diamond_ore":56,"minecraft:obsidian":4,"minecraft:acacia_log":10,"minecraft:grass_block":4,"minecraft:jungle_log":2,"minecraft:sandstone":280,"minecraft:andesite":5,"minecraft:gold_block":1,"minecraft:enchanting_table":1,"minecraft:potatoes":24,"minecraft:vine":1,"minecraft:stone":86,"minecraft:acacia_leaves":1,"minecraft:stone_brick_slab":1,"minecraft:crafting_table":5,"minecraft:short_grass":5,"minecraft:melon":3,"minecraft:stone_slab":1,"minecraft:tall_grass":2,"minecraft:cobblestone":1,"minecraft:sugar_cane":29,"minecraft:diorite":11,"minecraft:cactus":1,"minecraft:stone_brick_stairs":1,"minecraft:oak_log":32,"minecraft:coal_ore":1,"minecraft:cocoa":1,"minecraft:sand":80,"minecraft:gravel":3,"minecraft:dirt":4,"minecraft:deepslate":141},"minecraft:picked_up":{"minecraft:cocoa_beans":6,"minecraft:iron_chestplate":1,"minecraft:crafting_table":5,"minecraft:chicken":2,"minecraft:stone_slab":1,"minecraft:gold_block":1,"minecraft:stone_brick_stairs":1,"minecraft:shield":1,"minecraft:iron_axe":1,"minecraft:iron_leggings":1,"minecraft:iron_shovel":1,"minecraft:cobbled_deepslate":64,"minecraft:beef":10,"minecraft:oak_boat":1,"minecraft:iron_pickaxe":1,"minecraft:melon_slice":17,"minecraft:sugar_cane":66,"minecraft:iron_boots":1,"minecraft:stick":2,"minecraft:sandstone":275,"minecraft:acacia_log":10,"minecraft:diorite":9,"minecraft:cactus":2,"minecraft:mutton":7,"minecraft:obsidian":4,"minecraft:white_wool":3,"minecraft:cobblestone":87,"minecraft:enchanting_table":1,"minecraft:feather":2,"minecraft:jungle_log":2,"minecraft:andesite":5,"minecraft:leather":4,"minecraft:potato":65,"minecraft:oak_log":32,"minecraft:dirt":4,"minecraft:cooked_mutton":13,"minecraft:acacia_planks":4,"minecraft:wheat_seeds":3,"minecraft:rabbit":1,"minecraft:iron_sword":1,"minecraft:acacia_sapling":2,"minecraft:stone_brick_slab":1,"minecraft:sand":90,"minecraft:ink_sac":3,"minecraft:grass_block":4,"minecraft:diamond":56,"minecraft:stone_axe":1,"minecraft:iron_helmet":1,"minecraft:gray_wool":2,"minecraft:baked_potato":13,"minecraft:acacia_slab":2,"minecraft:coal":1,"minecraft:diamond_pickaxe":1},"minecraft:broken":{"minecraft:iron_pickaxe":1},"minecraft:custom":{"minecraft:mob_kills":15,"minecraft:animals_bred":2,"minecraft:interact_with_crafting_table":25,"minecraft:open_barrel":20,"minecraft:time_since_death":107962,"minecraft:climb_one_cm":1016,"minecraft:sprint_one_cm":347694,"minecraft:walk_one_cm":143078,"minecraft:drop":24,"minecraft:talked_to_villager":38,"minecraft:play_time":107962,"minecraft:sneak_time":1783,"minecraft:walk_under_water_one_cm":8397,"minecraft:boat_one_cm":287,"minecraft:jump":1997,"minecraft:interact_with_blast_furnace":1,"minecraft:walk_on_water_one_cm":22311,"minecraft:total_world_time":107962,"minecraft:interact_with_furnace":3,"minecraft:traded_with_villager":107,"minecraft:sleep_in_bed":1,"minecraft:time_since_rest":5578,"minecraft:damage_taken":441,"minecraft:damage_dealt":1140,"minecraft:swim_one_cm":181020,"minecraft:fly_one_cm":527046,"minecraft:open_chest":49,"minecraft:crouch_one_cm":4085,"minecraft:fall_one_cm":48841},"minecraft:crafted":{"minecraft:oak_planks":128,"minecraft:barrel":3,"minecraft:diamond_helmet":1,"minecraft:diamond_leggings":1,"minecraft:stone_pickaxe":1,"minecraft:diamond_boots":1,"minecraft:dark_oak_planks":1008,"minecraft:cooked_beef":1,"minecraft:diamond_sword":1,"minecraft:emerald":103,"minecraft:diamond_axe":1,"minecraft:crafting_table":2,"minecraft:enchanting_table":1,"minecraft:acacia_slab":6,"minecraft:wooden_pickaxe":1,"minecraft:bucket":1,"minecraft:stone_axe":1,"minecraft:air":0,"minecraft:jungle_planks":480,"minecraft:oak_boat":1,"minecraft:book":4,"minecraft:paper":12,"minecraft:diamond_pickaxe":1,"minecraft:charcoal":7,"minecraft:stick":3476,"minecraft:acacia_planks":40,"minecraft:diamond_chestplate":1}},"DataVersion":4082}