{"minecraft:recipes/decorations/crafting_table":{"criteria":{"unlock_right_away":"2025-03-20 20:12:39 +0000"},"done":true},"minecraft:adventure/adventuring_time":{"criteria":{"minecraft:badlands":"2025-03-22 19:09:16 +0000","minecraft:beach":"2025-03-25 17:40:37 +0000","minecraft:desert":"2025-03-22 19:09:40 +0000","minecraft:forest":"2025-03-22 18:57:59 +0000","minecraft:sparse_jungle":"2025-03-22 19:07:16 +0000","minecraft:jungle":"2025-03-24 18:45:28 +0000","minecraft:river":"2025-03-22 19:02:04 +0000","minecraft:lush_caves":"2025-03-25 19:20:04 +0000","minecraft:savanna":"2025-03-20 20:12:39 +0000","minecraft:bamboo_jungle":"2025-03-25 17:03:47 +0000","minecraft:plains":"2025-03-22 19:06:37 +0000"},"done":false},"minecraft:recipes/misc/charcoal":{"criteria":{"has_log":"2025-03-20 20:13:26 +0000"},"done":true},"minecraft:recipes/building_blocks/acacia_wood":{"criteria":{"has_log":"2025-03-20 20:13:26 +0000"},"done":true},"minecraft:recipes/building_blocks/acacia_planks":{"criteria":{"has_log":"2025-03-20 20:13:26 +0000"},"done":true},"minecraft:recipes/redstone/acacia_button":{"criteria":{"has_planks":"2025-03-22 18:57:49 +0000"},"done":true},"minecraft:recipes/redstone/acacia_pressure_plate":{"criteria":{"has_planks":"2025-03-22 18:57:49 +0000"},"done":true},"minecraft:recipes/decorations/acacia_sign":{"criteria":{"has_planks":"2025-03-22 18:57:49 +0000"},"done":true},"minecraft:recipes/building_blocks/acacia_slab":{"criteria":{"has_planks":"2025-03-22 18:57:49 +0000"},"done":true},"minecraft:recipes/redstone/acacia_trapdoor":{"criteria":{"has_planks":"2025-03-22 18:57:49 +0000"},"done":true},"minecraft:recipes/misc/stick":{"criteria":{"has_planks":"2025-03-22 18:57:49 +0000"},"done":true},"minecraft:recipes/decorations/acacia_fence":{"criteria":{"has_planks":"2025-03-22 18:57:49 +0000"},"done":true},"minecraft:recipes/decorations/barrel":{"criteria":{"has_planks":"2025-03-22 18:57:49 +0000"},"done":true},"minecraft:recipes/building_blocks/acacia_stairs":{"criteria":{"has_planks":"2025-03-22 18:57:49 +0000"},"done":true},"minecraft:recipes/redstone/acacia_door":{"criteria":{"has_planks":"2025-03-22 18:57:49 +0000"},"done":true},"minecraft:recipes/redstone/acacia_fence_gate":{"criteria":{"has_planks":"2025-03-22 18:57:49 +0000"},"done":true},"minecraft:recipes/food/cooked_mutton_from_smoking":{"criteria":{"has_mutton":"2025-03-22 18:58:09 +0000"},"done":true},"minecraft:recipes/decorations/light_gray_bed":{"criteria":{"has_light_gray_wool":"2025-03-22 18:58:09 +0000"},"done":true},"minecraft:recipes/food/cooked_mutton":{"criteria":{"has_mutton":"2025-03-22 18:58:09 +0000"},"done":true},"minecraft:recipes/decorations/painting":{"criteria":{"has_wool":"2025-03-22 18:58:09 +0000"},"done":true},"minecraft:recipes/food/cooked_mutton_from_campfire_cooking":{"criteria":{"has_mutton":"2025-03-22 18:58:09 +0000"},"done":true},"minecraft:adventure/root":{"criteria":{"killed_something":"2025-03-22 18:58:09 +0000"},"done":true},"minecraft:recipes/decorations/light_gray_banner":{"criteria":{"has_light_gray_wool":"2025-03-22 18:58:09 +0000"},"done":true},"minecraft:recipes/decorations/light_gray_carpet":{"criteria":{"has_light_gray_wool":"2025-03-22 18:58:09 +0000"},"done":true},"minecraft:recipes/decorations/white_banner":{"criteria":{"has_white_wool":"2025-03-22 18:58:51 +0000"},"done":true},"minecraft:recipes/decorations/white_bed":{"criteria":{"has_white_wool":"2025-03-22 18:58:51 +0000"},"done":true},"minecraft:recipes/decorations/white_carpet":{"criteria":{"has_white_wool":"2025-03-22 18:58:51 +0000"},"done":true},"minecraft:husbandry/balanced_diet":{"criteria":{"bread":"2025-03-23 19:19:31 +0000","cooked_mutton":"2025-03-22 19:12:57 +0000","cooked_beef":"2025-03-22 19:00:43 +0000","baked_potato":"2025-03-25 20:13:09 +0000","melon_slice":"2025-03-25 16:50:44 +0000"},"done":false},"minecraft:husbandry/root":{"criteria":{"consumed_item":"2025-03-22 19:00:43 +0000"},"done":true},"minecraft:recipes/misc/black_dye":{"criteria":{"has_ink_sac":"2025-03-22 19:02:02 +0000"},"done":true},"minecraft:recipes/transportation/mangrove_boat":{"criteria":{"in_water":"2025-03-22 19:02:03 +0000"},"done":true},"minecraft:recipes/transportation/acacia_boat":{"criteria":{"in_water":"2025-03-22 19:02:03 +0000"},"done":true},"minecraft:recipes/transportation/cherry_boat":{"criteria":{"in_water":"2025-03-22 19:02:03 +0000"},"done":true},"minecraft:recipes/transportation/bamboo_raft":{"criteria":{"in_water":"2025-03-22 19:02:03 +0000"},"done":true},"minecraft:recipes/transportation/spruce_boat":{"criteria":{"in_water":"2025-03-22 19:02:03 +0000"},"done":true},"minecraft:recipes/transportation/birch_boat":{"criteria":{"in_water":"2025-03-22 19:02:03 +0000"},"done":true},"minecraft:recipes/transportation/oak_boat":{"criteria":{"in_water":"2025-03-22 19:02:03 +0000"},"done":true},"minecraft:recipes/transportation/jungle_boat":{"criteria":{"in_water":"2025-03-22 19:02:03 +0000"},"done":true},"minecraft:recipes/transportation/dark_oak_boat":{"criteria":{"in_water":"2025-03-22 19:02:03 +0000"},"done":true},"minecraft:story/root":{"criteria":{"crafting_table":"2025-03-22 19:03:25 +0000"},"done":true},"minecraft:recipes/decorations/ladder":{"criteria":{"has_stick":"2025-03-22 19:03:39 +0000"},"done":true},"minecraft:recipes/decorations/campfire":{"criteria":{"has_stick":"2025-03-22 19:03:39 +0000"},"done":true},"minecraft:recipes/tools/wooden_hoe":{"criteria":{"has_stick":"2025-03-22 19:03:39 +0000"},"done":true},"minecraft:recipes/tools/wooden_pickaxe":{"criteria":{"has_stick":"2025-03-22 19:03:39 +0000"},"done":true},"minecraft:recipes/tools/wooden_axe":{"criteria":{"has_stick":"2025-03-22 19:03:39 +0000"},"done":true},"minecraft:recipes/tools/wooden_shovel":{"criteria":{"has_stick":"2025-03-22 19:03:39 +0000"},"done":true},"minecraft:recipes/combat/wooden_sword":{"criteria":{"has_stick":"2025-03-22 19:03:39 +0000"},"done":true},"minecraft:recipes/food/cake":{"criteria":{"has_egg":"2025-03-22 19:03:43 +0000"},"done":true},"minecraft:recipes/decorations/chest":{"criteria":{"has_lots_of_items":"2025-03-22 19:04:14 +0000"},"done":true},"minecraft:recipes/building_blocks/coal_block":{"criteria":{"has_coal":"2025-03-22 19:04:22 +0000"},"done":true},"minecraft:recipes/redstone/lever":{"criteria":{"has_cobblestone":"2025-03-22 19:04:24 +0000"},"done":true},"minecraft:recipes/combat/stone_sword":{"criteria":{"has_cobblestone":"2025-03-22 19:04:24 +0000"},"done":true},"minecraft:recipes/decorations/cobblestone_wall":{"criteria":{"has_cobblestone":"2025-03-22 19:04:24 +0000"},"done":true},"minecraft:recipes/tools/stone_pickaxe":{"criteria":{"has_cobblestone":"2025-03-22 19:04:24 +0000"},"done":true},"minecraft:recipes/tools/stone_axe":{"criteria":{"has_cobblestone":"2025-03-22 19:04:24 +0000"},"done":true},"minecraft:story/mine_stone":{"criteria":{"get_stone":"2025-03-22 19:04:24 +0000"},"done":true},"minecraft:recipes/decorations/furnace":{"criteria":{"has_cobblestone":"2025-03-22 19:04:24 +0000"},"done":true},"minecraft:recipes/building_blocks/cobblestone_slab":{"criteria":{"has_cobblestone":"2025-03-22 19:04:24 +0000"},"done":true},"minecraft:recipes/building_blocks/cobblestone_slab_from_cobblestone_stonecutting":{"criteria":{"has_cobblestone":"2025-03-22 19:04:24 +0000"},"done":true},"minecraft:recipes/building_blocks/stone":{"criteria":{"has_cobblestone":"2025-03-22 19:04:24 +0000"},"done":true},"minecraft:recipes/decorations/cobblestone_wall_from_cobblestone_stonecutting":{"criteria":{"has_cobblestone":"2025-03-22 19:04:24 +0000"},"done":true},"minecraft:recipes/building_blocks/cobblestone_stairs_from_cobblestone_stonecutting":{"criteria":{"has_cobblestone":"2025-03-22 19:04:24 +0000"},"done":true},"minecraft:recipes/building_blocks/cobblestone_stairs":{"criteria":{"has_cobblestone":"2025-03-22 19:04:24 +0000"},"done":true},"minecraft:recipes/tools/stone_hoe":{"criteria":{"has_cobblestone":"2025-03-22 19:04:24 +0000"},"done":true},"minecraft:recipes/tools/stone_shovel":{"criteria":{"has_cobblestone":"2025-03-22 19:04:24 +0000"},"done":true},"minecraft:recipes/decorations/torch":{"criteria":{"has_stone_pickaxe":"2025-03-22 19:05:11 +0000"},"done":true},"minecraft:story/upgrade_tools":{"criteria":{"stone_pickaxe":"2025-03-22 19:05:11 +0000"},"done":true},"minecraft:recipes/food/cooked_chicken_from_campfire_cooking":{"criteria":{"has_chicken":"2025-03-22 19:05:51 +0000"},"done":true},"minecraft:recipes/food/cooked_chicken":{"criteria":{"has_chicken":"2025-03-22 19:05:51 +0000"},"done":true},"minecraft:recipes/food/cooked_chicken_from_smoking":{"criteria":{"has_chicken":"2025-03-22 19:05:51 +0000"},"done":true},"minecraft:recipes/combat/arrow":{"criteria":{"has_feather":"2025-03-22 19:05:51 +0000"},"done":true},"minecraft:recipes/misc/sugar_from_sugar_cane":{"criteria":{"has_sugar_cane":"2025-03-22 19:06:40 +0000"},"done":true},"minecraft:recipes/misc/paper":{"criteria":{"has_reeds":"2025-03-22 19:06:40 +0000"},"done":true},"minecraft:recipes/misc/melon_seeds":{"criteria":{"has_melon":"2025-03-22 19:07:51 +0000"},"done":true},"minecraft:recipes/brewing/glistering_melon_slice":{"criteria":{"has_melon":"2025-03-22 19:07:51 +0000"},"done":true},"minecraft:recipes/building_blocks/melon":{"criteria":{"has_melon":"2025-03-22 19:07:51 +0000"},"done":true},"minecraft:recipes/misc/brown_dye":{"criteria":{"has_cocoa_beans":"2025-03-22 19:08:26 +0000"},"done":true},"minecraft:recipes/food/cookie":{"criteria":{"has_cocoa":"2025-03-22 19:08:26 +0000"},"done":true},"minecraft:recipes/misc/gold_nugget_from_smelting":{"criteria":{"has_golden_boots":"2025-03-22 19:09:19 +0000"},"done":true},"minecraft:recipes/misc/gold_nugget_from_blasting":{"criteria":{"has_golden_boots":"2025-03-22 19:09:19 +0000"},"done":true},"minecraft:recipes/tools/flint_and_steel":{"criteria":{"has_obsidian":"2025-03-22 19:09:20 +0000"},"done":true},"minecraft:story/form_obsidian":{"criteria":{"obsidian":"2025-03-22 19:09:20 +0000"},"done":true},"minecraft:recipes/decorations/enchanting_table":{"criteria":{"has_obsidian":"2025-03-22 19:09:20 +0000"},"done":true},"minecraft:recipes/decorations/lantern":{"criteria":{"has_iron_nugget":"2025-03-22 19:09:21 +0000"},"done":true},"minecraft:recipes/decorations/chain":{"criteria":{"has_iron_nugget":"2025-03-22 19:09:21 +0000"},"done":true},"minecraft:recipes/misc/iron_ingot_from_nuggets":{"criteria":{"has_iron_nugget":"2025-03-22 19:09:21 +0000"},"done":true},"minecraft:recipes/transportation/dark_oak_chest_boat":{"criteria":{"has_boat":"2025-03-22 19:12:43 +0000"},"done":true},"minecraft:recipes/transportation/bamboo_chest_raft":{"criteria":{"has_boat":"2025-03-22 19:12:43 +0000"},"done":true},"minecraft:recipes/transportation/spruce_chest_boat":{"criteria":{"has_boat":"2025-03-22 19:12:43 +0000"},"done":true},"minecraft:recipes/transportation/jungle_chest_boat":{"criteria":{"has_boat":"2025-03-22 19:12:43 +0000"},"done":true},"minecraft:recipes/transportation/acacia_chest_boat":{"criteria":{"has_boat":"2025-03-22 19:12:43 +0000"},"done":true},"minecraft:recipes/transportation/mangrove_chest_boat":{"criteria":{"has_boat":"2025-03-22 19:12:43 +0000"},"done":true},"minecraft:recipes/transportation/oak_chest_boat":{"criteria":{"has_boat":"2025-03-22 19:12:43 +0000"},"done":true},"minecraft:recipes/transportation/cherry_chest_boat":{"criteria":{"has_boat":"2025-03-22 19:12:43 +0000"},"done":true},"minecraft:recipes/transportation/birch_chest_boat":{"criteria":{"has_boat":"2025-03-22 19:12:43 +0000"},"done":true},"minecraft:recipes/misc/green_dye":{"criteria":{"has_cactus":"2025-03-22 19:14:44 +0000"},"done":true},"minecraft:recipes/misc/wheat":{"criteria":{"has_hay_block":"2025-03-22 19:17:26 +0000"},"done":true},"minecraft:recipes/redstone/target":{"criteria":{"has_hay_block":"2025-03-22 19:17:26 +0000"},"done":true},"minecraft:recipes/food/bread":{"criteria":{"has_wheat":"2025-03-22 19:17:47 +0000"},"done":true},"minecraft:recipes/building_blocks/hay_block":{"criteria":{"has_wheat":"2025-03-22 19:17:47 +0000"},"done":true},"minecraft:recipes/building_blocks/andesite_stairs_from_andesite_stonecutting":{"criteria":{"has_andesite":"2025-03-22 19:24:28 +0000"},"done":true},"minecraft:recipes/building_blocks/andesite_stairs":{"criteria":{"has_andesite":"2025-03-22 19:24:28 +0000"},"done":true},"minecraft:recipes/building_blocks/polished_andesite_from_andesite_stonecutting":{"criteria":{"has_andesite":"2025-03-22 19:24:28 +0000"},"done":true},"minecraft:recipes/building_blocks/polished_andesite":{"criteria":{"has_andesite":"2025-03-22 19:24:28 +0000"},"done":true},"minecraft:recipes/decorations/andesite_wall_from_andesite_stonecutting":{"criteria":{"has_andesite":"2025-03-22 19:24:28 +0000"},"done":true},"minecraft:recipes/building_blocks/polished_andesite_slab_from_andesite_stonecutting":{"criteria":{"has_andesite":"2025-03-22 19:24:28 +0000"},"done":true},"minecraft:recipes/decorations/andesite_wall":{"criteria":{"has_andesite":"2025-03-22 19:24:28 +0000"},"done":true},"minecraft:recipes/building_blocks/andesite_slab":{"criteria":{"has_andesite":"2025-03-22 19:24:28 +0000"},"done":true},"minecraft:recipes/building_blocks/polished_andesite_stairs_from_andesite_stonecutting":{"criteria":{"has_andesite":"2025-03-22 19:24:28 +0000"},"done":true},"minecraft:recipes/building_blocks/andesite_slab_from_andesite_stonecutting":{"criteria":{"has_andesite":"2025-03-22 19:24:28 +0000"},"done":true},"minecraft:recipes/misc/iron_ingot_from_smelting_raw_iron":{"criteria":{"has_raw_iron":"2025-03-22 19:25:39 +0000"},"done":true},"minecraft:recipes/building_blocks/raw_iron_block":{"criteria":{"has_raw_iron":"2025-03-22 19:25:39 +0000"},"done":true},"minecraft:recipes/misc/iron_ingot_from_blasting_raw_iron":{"criteria":{"has_raw_iron":"2025-03-22 19:25:39 +0000"},"done":true},"minecraft:recipes/decorations/smoker":{"criteria":{"has_furnace":"2025-03-22 19:27:31 +0000"},"done":true},"minecraft:recipes/combat/iron_sword":{"criteria":{"has_iron_ingot":"2025-03-22 19:27:50 +0000"},"done":true},"minecraft:recipes/tools/iron_pickaxe":{"criteria":{"has_iron_ingot":"2025-03-22 19:27:50 +0000"},"done":true},"minecraft:recipes/combat/iron_leggings":{"criteria":{"has_iron_ingot":"2025-03-22 19:27:50 +0000"},"done":true},"minecraft:recipes/combat/shield":{"criteria":{"has_iron_ingot":"2025-03-22 19:27:50 +0000"},"done":true},"minecraft:recipes/redstone/hopper":{"criteria":{"has_iron_ingot":"2025-03-22 19:27:50 +0000"},"done":true},"minecraft:recipes/decorations/iron_bars":{"criteria":{"has_iron_ingot":"2025-03-22 19:27:50 +0000"},"done":true},"minecraft:recipes/combat/iron_boots":{"criteria":{"has_iron_ingot":"2025-03-22 19:27:50 +0000"},"done":true},"minecraft:recipes/combat/iron_chestplate":{"criteria":{"has_iron_ingot":"2025-03-22 19:27:50 +0000"},"done":true},"minecraft:recipes/misc/iron_nugget":{"criteria":{"has_iron_ingot":"2025-03-22 19:27:50 +0000"},"done":true},"minecraft:recipes/misc/bucket":{"criteria":{"has_iron_ingot":"2025-03-22 19:27:50 +0000"},"done":true},"minecraft:recipes/combat/iron_helmet":{"criteria":{"has_iron_ingot":"2025-03-22 19:27:50 +0000"},"done":true},"minecraft:recipes/transportation/minecart":{"criteria":{"has_iron_ingot":"2025-03-22 19:27:50 +0000"},"done":true},"minecraft:recipes/tools/iron_hoe":{"criteria":{"has_iron_ingot":"2025-03-22 19:27:50 +0000"},"done":true},"minecraft:recipes/tools/iron_shovel":{"criteria":{"has_iron_ingot":"2025-03-22 19:27:50 +0000"},"done":true},"minecraft:story/smelt_iron":{"criteria":{"iron":"2025-03-22 19:27:50 +0000"},"done":true},"minecraft:recipes/tools/shears":{"criteria":{"has_iron_ingot":"2025-03-22 19:27:50 +0000"},"done":true},"minecraft:recipes/redstone/iron_trapdoor":{"criteria":{"has_iron_ingot":"2025-03-22 19:27:50 +0000"},"done":true},"minecraft:recipes/building_blocks/iron_block":{"criteria":{"has_iron_ingot":"2025-03-22 19:27:50 +0000"},"done":true},"minecraft:recipes/tools/iron_axe":{"criteria":{"has_iron_ingot":"2025-03-22 19:27:50 +0000"},"done":true},"minecraft:recipes/combat/crossbow":{"criteria":{"has_iron_ingot":"2025-03-22 19:27:50 +0000"},"done":true},"minecraft:recipes/decorations/smithing_table":{"criteria":{"has_iron_ingot":"2025-03-22 19:27:50 +0000"},"done":true},"minecraft:recipes/redstone/iron_door":{"criteria":{"has_iron_ingot":"2025-03-22 19:27:50 +0000"},"done":true},"minecraft:recipes/redstone/heavy_weighted_pressure_plate":{"criteria":{"has_iron_ingot":"2025-03-22 19:27:50 +0000"},"done":true},"minecraft:recipes/building_blocks/diorite_stairs_from_diorite_stonecutting":{"criteria":{"has_diorite":"2025-03-22 19:30:30 +0000"},"done":true},"minecraft:recipes/building_blocks/polished_diorite":{"criteria":{"has_diorite":"2025-03-22 19:30:30 +0000"},"done":true},"minecraft:recipes/building_blocks/diorite_slab":{"criteria":{"has_diorite":"2025-03-22 19:30:30 +0000"},"done":true},"minecraft:recipes/decorations/diorite_wall_from_diorite_stonecutting":{"criteria":{"has_diorite":"2025-03-22 19:30:30 +0000"},"done":true},"minecraft:recipes/building_blocks/andesite":{"criteria":{"has_stone":"2025-03-22 19:30:30 +0000"},"done":true},"minecraft:recipes/building_blocks/polished_diorite_from_diorite_stonecutting":{"criteria":{"has_diorite":"2025-03-22 19:30:30 +0000"},"done":true},"minecraft:recipes/decorations/diorite_wall":{"criteria":{"has_diorite":"2025-03-22 19:30:30 +0000"},"done":true},"minecraft:recipes/building_blocks/diorite_slab_from_diorite_stonecutting":{"criteria":{"has_diorite":"2025-03-22 19:30:30 +0000"},"done":true},"minecraft:recipes/building_blocks/polished_diorite_slab_from_diorite_stonecutting":{"criteria":{"has_diorite":"2025-03-22 19:30:30 +0000"},"done":true},"minecraft:recipes/building_blocks/polished_diorite_stairs_from_diorite_stonecutting":{"criteria":{"has_diorite":"2025-03-22 19:30:30 +0000"},"done":true},"minecraft:recipes/building_blocks/diorite_stairs":{"criteria":{"has_diorite":"2025-03-22 19:30:30 +0000"},"done":true},"minecraft:recipes/building_blocks/polished_deepslate":{"criteria":{"has_cobbled_deepslate":"2025-03-22 19:31:05 +0000"},"done":true},"minecraft:recipes/building_blocks/deepslate_tile_stairs_from_cobbled_deepslate_stonecutting":{"criteria":{"has_cobbled_deepslate":"2025-03-22 19:31:05 +0000"},"done":true},"minecraft:recipes/decorations/deepslate_brick_wall_from_cobbled_deepslate_stonecutting":{"criteria":{"has_cobbled_deepslate":"2025-03-22 19:31:05 +0000"},"done":true},"minecraft:recipes/building_blocks/polished_deepslate_from_cobbled_deepslate_stonecutting":{"criteria":{"has_cobbled_deepslate":"2025-03-22 19:31:05 +0000"},"done":true},"minecraft:recipes/building_blocks/polished_deepslate_slab_from_cobbled_deepslate_stonecutting":{"criteria":{"has_cobbled_deepslate":"2025-03-22 19:31:05 +0000"},"done":true},"minecraft:recipes/building_blocks/deepslate_brick_stairs_from_cobbled_deepslate_stonecutting":{"criteria":{"has_cobbled_deepslate":"2025-03-22 19:31:05 +0000"},"done":true},"minecraft:recipes/building_blocks/deepslate_brick_slab_from_cobbled_deepslate_stonecutting":{"criteria":{"has_cobbled_deepslate":"2025-03-22 19:31:05 +0000"},"done":true},"minecraft:recipes/building_blocks/cobbled_deepslate_slab_from_cobbled_deepslate_stonecutting":{"criteria":{"has_cobbled_deepslate":"2025-03-22 19:31:05 +0000"},"done":true},"minecraft:recipes/building_blocks/deepslate_tile_slab_from_cobbled_deepslate_stonecutting":{"criteria":{"has_cobbled_deepslate":"2025-03-22 19:31:05 +0000"},"done":true},"minecraft:recipes/building_blocks/cobbled_deepslate_stairs":{"criteria":{"has_cobbled_deepslate":"2025-03-22 19:31:05 +0000"},"done":true},"minecraft:recipes/building_blocks/chiseled_deepslate_from_cobbled_deepslate_stonecutting":{"criteria":{"has_cobbled_deepslate":"2025-03-22 19:31:05 +0000"},"done":true},"minecraft:recipes/building_blocks/cobbled_deepslate_slab":{"criteria":{"has_cobbled_deepslate":"2025-03-22 19:31:05 +0000"},"done":true},"minecraft:recipes/decorations/cobbled_deepslate_wall_from_cobbled_deepslate_stonecutting":{"criteria":{"has_cobbled_deepslate":"2025-03-22 19:31:05 +0000"},"done":true},"minecraft:recipes/decorations/deepslate_tile_wall_from_cobbled_deepslate_stonecutting":{"criteria":{"has_cobbled_deepslate":"2025-03-22 19:31:05 +0000"},"done":true},"minecraft:recipes/decorations/cobbled_deepslate_wall":{"criteria":{"has_cobbled_deepslate":"2025-03-22 19:31:05 +0000"},"done":true},"minecraft:recipes/decorations/polished_deepslate_wall_from_cobbled_deepslate_stonecutting":{"criteria":{"has_cobbled_deepslate":"2025-03-22 19:31:05 +0000"},"done":true},"minecraft:recipes/building_blocks/deepslate_bricks_from_cobbled_deepslate_stonecutting":{"criteria":{"has_cobbled_deepslate":"2025-03-22 19:31:05 +0000"},"done":true},"minecraft:recipes/building_blocks/deepslate_tiles_from_cobbled_deepslate_stonecutting":{"criteria":{"has_cobbled_deepslate":"2025-03-22 19:31:05 +0000"},"done":true},"minecraft:recipes/building_blocks/cobbled_deepslate_stairs_from_cobbled_deepslate_stonecutting":{"criteria":{"has_cobbled_deepslate":"2025-03-22 19:31:05 +0000"},"done":true},"minecraft:recipes/building_blocks/deepslate":{"criteria":{"has_cobbled_deepslate":"2025-03-22 19:31:05 +0000"},"done":true},"minecraft:recipes/building_blocks/polished_deepslate_stairs_from_cobbled_deepslate_stonecutting":{"criteria":{"has_cobbled_deepslate":"2025-03-22 19:31:05 +0000"},"done":true},"minecraft:recipes/misc/iron_nugget_from_smelting":{"criteria":{"has_iron_pickaxe":"2025-03-22 19:32:34 +0000"},"done":true},"minecraft:story/iron_tools":{"criteria":{"iron_pickaxe":"2025-03-22 19:32:34 +0000"},"done":true},"minecraft:recipes/misc/iron_nugget_from_blasting":{"criteria":{"has_iron_pickaxe":"2025-03-22 19:32:34 +0000"},"done":true},"minecraft:recipes/combat/diamond_leggings":{"criteria":{"has_diamond":"2025-03-22 19:32:46 +0000"},"done":true},"minecraft:recipes/combat/diamond_sword":{"criteria":{"has_diamond":"2025-03-22 19:32:46 +0000"},"done":true},"minecraft:recipes/decorations/jukebox":{"criteria":{"has_diamond":"2025-03-22 19:32:46 +0000"},"done":true},"minecraft:recipes/combat/diamond_chestplate":{"criteria":{"has_diamond":"2025-03-22 19:32:46 +0000"},"done":true},"minecraft:recipes/combat/diamond_helmet":{"criteria":{"has_diamond":"2025-03-22 19:32:46 +0000"},"done":true},"minecraft:recipes/tools/diamond_pickaxe":{"criteria":{"has_diamond":"2025-03-22 19:32:46 +0000"},"done":true},"minecraft:recipes/building_blocks/diamond_block":{"criteria":{"has_diamond":"2025-03-22 19:32:46 +0000"},"done":true},"minecraft:recipes/tools/diamond_hoe":{"criteria":{"has_diamond":"2025-03-22 19:32:46 +0000"},"done":true},"minecraft:recipes/tools/diamond_shovel":{"criteria":{"has_diamond":"2025-03-22 19:32:46 +0000"},"done":true},"minecraft:story/mine_diamond":{"criteria":{"diamond":"2025-03-22 19:32:46 +0000"},"done":true},"minecraft:recipes/tools/diamond_axe":{"criteria":{"has_diamond":"2025-03-22 19:32:46 +0000"},"done":true},"minecraft:recipes/combat/diamond_boots":{"criteria":{"has_diamond":"2025-03-22 19:32:46 +0000"},"done":true},"minecraft:adventure/kill_all_mobs":{"criteria":{"minecraft:pillager":"2025-03-25 20:07:00 +0000","minecraft:cave_spider":"2025-03-22 19:33:24 +0000","minecraft:skeleton":"2025-03-23 20:35:33 +0000","minecraft:spider":"2025-03-22 19:48:36 +0000","minecraft:zombie":"2025-03-22 19:40:03 +0000","minecraft:creeper":"2025-03-22 19:36:23 +0000","minecraft:husk":"2025-03-23 18:56:31 +0000"},"done":false},"minecraft:adventure/kill_a_mob":{"criteria":{"minecraft:cave_spider":"2025-03-22 19:33:24 +0000"},"done":true},"minecraft:story/obtain_armor":{"criteria":{"iron_chestplate":"2025-03-22 19:39:26 +0000"},"done":true},"minecraft:recipes/brewing/fermented_spider_eye":{"criteria":{"has_spider_eye":"2025-03-22 19:51:52 +0000"},"done":true},"minecraft:recipes/building_blocks/oak_planks":{"criteria":{"has_logs":"2025-03-22 19:53:13 +0000"},"done":true},"minecraft:recipes/building_blocks/oak_wood":{"criteria":{"has_log":"2025-03-22 19:53:13 +0000"},"done":true},"minecraft:recipes/combat/bow":{"criteria":{"has_string":"2025-03-23 18:57:54 +0000"},"done":true},"minecraft:recipes/tools/fishing_rod":{"criteria":{"has_string":"2025-03-23 18:57:54 +0000"},"done":true},"minecraft:recipes/building_blocks/white_wool_from_string":{"criteria":{"has_string":"2025-03-23 18:57:54 +0000"},"done":true},"minecraft:recipes/redstone/tripwire_hook":{"criteria":{"has_string":"2025-03-23 18:57:54 +0000"},"done":true},"minecraft:recipes/decorations/candle":{"criteria":{"has_string":"2025-03-23 18:57:54 +0000"},"done":true},"minecraft:recipes/decorations/loom":{"criteria":{"has_string":"2025-03-23 18:57:54 +0000"},"done":true},"minecraft:recipes/tools/bundle":{"criteria":{"has_string":"2025-03-23 18:57:54 +0000"},"done":true},"minecraft:recipes/building_blocks/oak_slab":{"criteria":{"has_planks":"2025-03-23 19:00:06 +0000"},"done":true},"minecraft:recipes/decorations/oak_sign":{"criteria":{"has_planks":"2025-03-23 19:00:06 +0000"},"done":true},"minecraft:recipes/redstone/oak_trapdoor":{"criteria":{"has_planks":"2025-03-23 19:00:06 +0000"},"done":true},"minecraft:recipes/redstone/oak_fence_gate":{"criteria":{"has_planks":"2025-03-23 19:00:06 +0000"},"done":true},"minecraft:recipes/redstone/oak_pressure_plate":{"criteria":{"has_planks":"2025-03-23 19:00:06 +0000"},"done":true},"minecraft:recipes/redstone/oak_door":{"criteria":{"has_planks":"2025-03-23 19:00:06 +0000"},"done":true},"minecraft:recipes/building_blocks/oak_stairs":{"criteria":{"has_planks":"2025-03-23 19:00:06 +0000"},"done":true},"minecraft:recipes/decorations/oak_fence":{"criteria":{"has_planks":"2025-03-23 19:00:06 +0000"},"done":true},"minecraft:recipes/redstone/oak_button":{"criteria":{"has_planks":"2025-03-23 19:00:06 +0000"},"done":true},"minecraft:recipes/building_blocks/lime_concrete_powder":{"criteria":{"has_sand":"2025-03-23 19:03:36 +0000"},"done":true},"minecraft:recipes/building_blocks/light_gray_concrete_powder":{"criteria":{"has_sand":"2025-03-23 19:03:36 +0000"},"done":true},"minecraft:recipes/building_blocks/pink_concrete_powder":{"criteria":{"has_sand":"2025-03-23 19:03:36 +0000"},"done":true},"minecraft:recipes/building_blocks/orange_concrete_powder":{"criteria":{"has_sand":"2025-03-23 19:03:36 +0000"},"done":true},"minecraft:recipes/building_blocks/red_concrete_powder":{"criteria":{"has_sand":"2025-03-23 19:03:36 +0000"},"done":true},"minecraft:recipes/building_blocks/magenta_concrete_powder":{"criteria":{"has_sand":"2025-03-23 19:03:36 +0000"},"done":true},"minecraft:recipes/building_blocks/brown_concrete_powder":{"criteria":{"has_sand":"2025-03-23 19:03:36 +0000"},"done":true},"minecraft:recipes/building_blocks/light_blue_concrete_powder":{"criteria":{"has_sand":"2025-03-23 19:03:36 +0000"},"done":true},"minecraft:recipes/building_blocks/glass":{"criteria":{"has_smelts_to_glass":"2025-03-23 19:03:36 +0000"},"done":true},"minecraft:recipes/building_blocks/green_concrete_powder":{"criteria":{"has_sand":"2025-03-23 19:03:36 +0000"},"done":true},"minecraft:recipes/building_blocks/blue_concrete_powder":{"criteria":{"has_sand":"2025-03-23 19:03:36 +0000"},"done":true},"minecraft:recipes/building_blocks/yellow_concrete_powder":{"criteria":{"has_sand":"2025-03-23 19:03:36 +0000"},"done":true},"minecraft:recipes/building_blocks/sandstone":{"criteria":{"has_sand":"2025-03-23 19:03:36 +0000"},"done":true},"minecraft:recipes/building_blocks/white_concrete_powder":{"criteria":{"has_sand":"2025-03-23 19:03:36 +0000"},"done":true},"minecraft:recipes/building_blocks/gray_concrete_powder":{"criteria":{"has_sand":"2025-03-23 19:03:36 +0000"},"done":true},"minecraft:recipes/building_blocks/black_concrete_powder":{"criteria":{"has_sand":"2025-03-23 19:03:36 +0000"},"done":true},"minecraft:recipes/building_blocks/purple_concrete_powder":{"criteria":{"has_sand":"2025-03-23 19:03:36 +0000"},"done":true},"minecraft:recipes/building_blocks/cyan_concrete_powder":{"criteria":{"has_sand":"2025-03-23 19:03:36 +0000"},"done":true},"minecraft:adventure/sleep_in_bed":{"criteria":{"slept_in_bed":"2025-03-23 19:06:54 +0000"},"done":true},"minecraft:recipes/building_blocks/sandstone_stairs":{"criteria":{"has_sandstone":"2025-03-23 19:08:53 +0000"},"done":true},"minecraft:recipes/building_blocks/sandstone_slab":{"criteria":{"has_sandstone":"2025-03-23 19:08:53 +0000"},"done":true},"minecraft:recipes/building_blocks/cut_sandstone_from_sandstone_stonecutting":{"criteria":{"has_sandstone":"2025-03-23 19:08:53 +0000"},"done":true},"minecraft:recipes/building_blocks/chiseled_sandstone_from_sandstone_stonecutting":{"criteria":{"has_sandstone":"2025-03-23 19:08:53 +0000"},"done":true},"minecraft:recipes/building_blocks/smooth_sandstone":{"criteria":{"has_sandstone":"2025-03-23 19:08:53 +0000"},"done":true},"minecraft:recipes/decorations/sandstone_wall_from_sandstone_stonecutting":{"criteria":{"has_sandstone":"2025-03-23 19:08:53 +0000"},"done":true},"minecraft:recipes/building_blocks/cut_sandstone_slab_from_sandstone_stonecutting":{"criteria":{"has_sandstone":"2025-03-23 19:08:53 +0000"},"done":true},"minecraft:recipes/building_blocks/cut_sandstone":{"criteria":{"has_sandstone":"2025-03-23 19:08:53 +0000"},"done":true},"minecraft:recipes/building_blocks/sandstone_slab_from_sandstone_stonecutting":{"criteria":{"has_sandstone":"2025-03-23 19:08:53 +0000"},"done":true},"minecraft:recipes/building_blocks/sandstone_stairs_from_sandstone_stonecutting":{"criteria":{"has_sandstone":"2025-03-23 19:08:53 +0000"},"done":true},"minecraft:recipes/decorations/sandstone_wall":{"criteria":{"has_sandstone":"2025-03-23 19:08:53 +0000"},"done":true},"minecraft:recipes/brewing/cauldron":{"criteria":{"has_water_bucket":"2025-03-23 19:12:02 +0000"},"done":true},"minecraft:recipes/building_blocks/cut_sandstone_slab":{"criteria":{"has_cut_sandstone":"2025-03-23 19:54:34 +0000"},"done":true},"minecraft:recipes/building_blocks/cut_sandstone_slab_from_cut_sandstone_stonecutting":{"criteria":{"has_cut_sandstone":"2025-03-23 19:54:34 +0000"},"done":true},"minecraft:recipes/building_blocks/red_stained_glass":{"criteria":{"has_glass":"2025-03-23 20:11:41 +0000"},"done":true},"minecraft:recipes/building_blocks/light_blue_stained_glass":{"criteria":{"has_glass":"2025-03-23 20:11:41 +0000"},"done":true},"minecraft:recipes/brewing/glass_bottle":{"criteria":{"has_glass":"2025-03-23 20:11:41 +0000"},"done":true},"minecraft:recipes/building_blocks/green_stained_glass":{"criteria":{"has_glass":"2025-03-23 20:11:41 +0000"},"done":true},"minecraft:recipes/building_blocks/brown_stained_glass":{"criteria":{"has_glass":"2025-03-23 20:11:41 +0000"},"done":true},"minecraft:recipes/building_blocks/light_gray_stained_glass":{"criteria":{"has_glass":"2025-03-23 20:11:41 +0000"},"done":true},"minecraft:recipes/building_blocks/blue_stained_glass":{"criteria":{"has_glass":"2025-03-23 20:11:41 +0000"},"done":true},"minecraft:recipes/building_blocks/orange_stained_glass":{"criteria":{"has_glass":"2025-03-23 20:11:41 +0000"},"done":true},"minecraft:recipes/building_blocks/cyan_stained_glass":{"criteria":{"has_glass":"2025-03-23 20:11:41 +0000"},"done":true},"minecraft:recipes/building_blocks/pink_stained_glass":{"criteria":{"has_glass":"2025-03-23 20:11:41 +0000"},"done":true},"minecraft:recipes/building_blocks/black_stained_glass":{"criteria":{"has_glass":"2025-03-23 20:11:41 +0000"},"done":true},"minecraft:recipes/building_blocks/gray_stained_glass":{"criteria":{"has_glass":"2025-03-23 20:11:41 +0000"},"done":true},"minecraft:recipes/building_blocks/purple_stained_glass":{"criteria":{"has_glass":"2025-03-23 20:11:41 +0000"},"done":true},"minecraft:recipes/building_blocks/yellow_stained_glass":{"criteria":{"has_glass":"2025-03-23 20:11:41 +0000"},"done":true},"minecraft:recipes/building_blocks/lime_stained_glass":{"criteria":{"has_glass":"2025-03-23 20:11:41 +0000"},"done":true},"minecraft:recipes/decorations/glass_pane":{"criteria":{"has_glass":"2025-03-23 20:11:41 +0000"},"done":true},"minecraft:recipes/building_blocks/magenta_stained_glass":{"criteria":{"has_glass":"2025-03-23 20:11:41 +0000"},"done":true},"minecraft:recipes/building_blocks/white_stained_glass":{"criteria":{"has_glass":"2025-03-23 20:11:41 +0000"},"done":true},"minecraft:story/deflect_arrow":{"criteria":{"deflected_projectile":"2025-03-23 20:35:30 +0000"},"done":true},"minecraft:recipes/food/baked_potato_from_campfire_cooking":{"criteria":{"has_potato":"2025-03-23 20:35:46 +0000"},"done":true},"minecraft:recipes/food/baked_potato_from_smoking":{"criteria":{"has_potato":"2025-03-23 20:35:46 +0000"},"done":true},"minecraft:recipes/food/baked_potato":{"criteria":{"has_potato":"2025-03-23 20:35:46 +0000"},"done":true},"minecraft:recipes/misc/firework_rocket_simple":{"criteria":{"has_gunpowder":"2025-03-23 20:36:27 +0000"},"done":true},"minecraft:recipes/redstone/tnt":{"criteria":{"has_gunpowder":"2025-03-23 20:36:27 +0000"},"done":true},"minecraft:recipes/transportation/carrot_on_a_stick":{"criteria":{"has_carrot":"2025-03-23 20:50:52 +0000"},"done":true},"minecraft:recipes/misc/bone_meal":{"criteria":{"has_bone":"2025-03-23 20:51:27 +0000"},"done":true},"minecraft:recipes/misc/white_dye":{"criteria":{"has_bone_meal":"2025-03-23 20:51:28 +0000"},"done":true},"minecraft:recipes/building_blocks/bone_block":{"criteria":{"has_bone_meal":"2025-03-23 20:51:28 +0000"},"done":true},"minecraft:recipes/redstone/dispenser":{"criteria":{"has_bow":"2025-03-23 21:08:27 +0000"},"done":true},"minecraft:recipes/building_blocks/coarse_dirt":{"criteria":{"has_gravel":"2025-03-23 21:57:52 +0000"},"done":true},"minecraft:recipes/decorations/fletching_table":{"criteria":{"has_flint":"2025-03-23 21:58:34 +0000"},"done":true},"minecraft:recipes/building_blocks/dark_oak_planks":{"criteria":{"has_log":"2025-03-23 21:59:52 +0000"},"done":true},"minecraft:recipes/building_blocks/dark_oak_wood":{"criteria":{"has_log":"2025-03-23 21:59:52 +0000"},"done":true},"minecraft:recipes/building_blocks/dark_oak_slab":{"criteria":{"has_planks":"2025-03-23 22:01:44 +0000"},"done":true},"minecraft:recipes/redstone/dark_oak_door":{"criteria":{"has_planks":"2025-03-23 22:01:44 +0000"},"done":true},"minecraft:recipes/redstone/dark_oak_fence_gate":{"criteria":{"has_planks":"2025-03-23 22:01:44 +0000"},"done":true},"minecraft:recipes/redstone/dark_oak_trapdoor":{"criteria":{"has_planks":"2025-03-23 22:01:44 +0000"},"done":true},"minecraft:recipes/redstone/dark_oak_button":{"criteria":{"has_planks":"2025-03-23 22:01:44 +0000"},"done":true},"minecraft:recipes/building_blocks/dark_oak_stairs":{"criteria":{"has_planks":"2025-03-23 22:01:44 +0000"},"done":true},"minecraft:recipes/decorations/dark_oak_sign":{"criteria":{"has_planks":"2025-03-23 22:01:44 +0000"},"done":true},"minecraft:recipes/redstone/dark_oak_pressure_plate":{"criteria":{"has_planks":"2025-03-23 22:01:44 +0000"},"done":true},"minecraft:recipes/decorations/dark_oak_fence":{"criteria":{"has_planks":"2025-03-23 22:01:44 +0000"},"done":true},"minecraft:recipes/building_blocks/birch_planks":{"criteria":{"has_logs":"2025-03-25 16:46:33 +0000"},"done":true},"minecraft:recipes/building_blocks/birch_wood":{"criteria":{"has_log":"2025-03-25 16:46:33 +0000"},"done":true},"minecraft:recipes/building_blocks/jungle_wood":{"criteria":{"has_log":"2025-03-25 16:47:38 +0000"},"done":true},"minecraft:recipes/building_blocks/jungle_planks":{"criteria":{"has_logs":"2025-03-25 16:47:38 +0000"},"done":true},"minecraft:recipes/redstone/jungle_trapdoor":{"criteria":{"has_planks":"2025-03-25 17:57:03 +0000"},"done":true},"minecraft:recipes/decorations/jungle_sign":{"criteria":{"has_planks":"2025-03-25 17:57:03 +0000"},"done":true},"minecraft:recipes/redstone/jungle_door":{"criteria":{"has_planks":"2025-03-25 17:57:03 +0000"},"done":true},"minecraft:recipes/decorations/jungle_fence":{"criteria":{"has_planks":"2025-03-25 17:57:03 +0000"},"done":true},"minecraft:recipes/redstone/jungle_pressure_plate":{"criteria":{"has_planks":"2025-03-25 17:57:03 +0000"},"done":true},"minecraft:recipes/redstone/jungle_button":{"criteria":{"has_planks":"2025-03-25 17:57:03 +0000"},"done":true},"minecraft:recipes/building_blocks/jungle_slab":{"criteria":{"has_planks":"2025-03-25 17:57:03 +0000"},"done":true},"minecraft:recipes/building_blocks/jungle_stairs":{"criteria":{"has_planks":"2025-03-25 17:57:03 +0000"},"done":true},"minecraft:recipes/redstone/jungle_fence_gate":{"criteria":{"has_planks":"2025-03-25 17:57:03 +0000"},"done":true},"minecraft:recipes/building_blocks/emerald_block":{"criteria":{"has_emerald":"2025-03-25 17:59:24 +0000"},"done":true},"minecraft:adventure/trade":{"criteria":{"traded":"2025-03-25 17:59:24 +0000"},"done":true},"minecraft:recipes/combat/leather_helmet":{"criteria":{"has_leather":"2025-03-25 18:58:56 +0000"},"done":true},"minecraft:recipes/combat/leather_leggings":{"criteria":{"has_leather":"2025-03-25 18:58:56 +0000"},"done":true},"minecraft:recipes/food/cooked_beef_from_smoking":{"criteria":{"has_beef":"2025-03-25 18:58:56 +0000"},"done":true},"minecraft:recipes/decorations/item_frame":{"criteria":{"has_leather":"2025-03-25 18:58:56 +0000"},"done":true},"minecraft:recipes/combat/leather_chestplate":{"criteria":{"has_leather":"2025-03-25 18:58:56 +0000"},"done":true},"minecraft:recipes/combat/leather_boots":{"criteria":{"has_leather":"2025-03-25 18:58:56 +0000"},"done":true},"minecraft:recipes/misc/leather_horse_armor":{"criteria":{"has_leather":"2025-03-25 18:58:56 +0000"},"done":true},"minecraft:recipes/food/cooked_beef":{"criteria":{"has_beef":"2025-03-25 18:58:56 +0000"},"done":true},"minecraft:recipes/food/cooked_beef_from_campfire_cooking":{"criteria":{"has_beef":"2025-03-25 18:58:56 +0000"},"done":true},"minecraft:recipes/decorations/moss_carpet":{"criteria":{"has_moss_block":"2025-03-25 19:20:43 +0000"},"done":true},"minecraft:recipes/building_blocks/mossy_cobblestone_from_moss_block":{"criteria":{"has_moss_block":"2025-03-25 19:20:43 +0000"},"done":true},"minecraft:recipes/building_blocks/mossy_stone_bricks_from_moss_block":{"criteria":{"has_moss_block":"2025-03-25 19:20:43 +0000"},"done":true},"minecraft:recipes/misc/brick":{"criteria":{"has_clay_ball":"2025-03-25 19:20:58 +0000"},"done":true},"minecraft:recipes/building_blocks/clay":{"criteria":{"has_clay_ball":"2025-03-25 19:20:58 +0000"},"done":true},"minecraft:recipes/building_blocks/granite_stairs":{"criteria":{"has_granite":"2025-03-25 19:21:32 +0000"},"done":true},"minecraft:recipes/building_blocks/granite_stairs_from_granite_stonecutting":{"criteria":{"has_granite":"2025-03-25 19:21:32 +0000"},"done":true},"minecraft:recipes/decorations/granite_wall":{"criteria":{"has_granite":"2025-03-25 19:21:32 +0000"},"done":true},"minecraft:recipes/building_blocks/polished_granite_slab_from_granite_stonecutting":{"criteria":{"has_granite":"2025-03-25 19:21:32 +0000"},"done":true},"minecraft:recipes/building_blocks/granite_slab_from_granite_stonecutting":{"criteria":{"has_granite":"2025-03-25 19:21:32 +0000"},"done":true},"minecraft:recipes/building_blocks/polished_granite":{"criteria":{"has_granite":"2025-03-25 19:21:32 +0000"},"done":true},"minecraft:recipes/decorations/granite_wall_from_granite_stonecutting":{"criteria":{"has_granite":"2025-03-25 19:21:32 +0000"},"done":true},"minecraft:recipes/building_blocks/polished_granite_from_granite_stonecutting":{"criteria":{"has_granite":"2025-03-25 19:21:32 +0000"},"done":true},"minecraft:recipes/building_blocks/granite_slab":{"criteria":{"has_granite":"2025-03-25 19:21:32 +0000"},"done":true},"minecraft:recipes/building_blocks/polished_granite_stairs_from_granite_stonecutting":{"criteria":{"has_granite":"2025-03-25 19:21:32 +0000"},"done":true},"minecraft:recipes/misc/coal":{"criteria":{"has_coal_block":"2025-03-25 19:52:26 +0000"},"done":true},"minecraft:story/shiny_gear":{"criteria":{"diamond_chestplate":"2025-03-25 19:55:50 +0000"},"done":true},"minecraft:adventure/shoot_arrow":{"criteria":{"shot_arrow":"2025-03-25 20:07:09 +0000"},"done":true},"minecraft:recipes/building_blocks/stone_bricks":{"criteria":{"has_stone":"2025-03-25 20:42:55 +0000"},"done":true},"minecraft:recipes/building_blocks/stone_brick_slab_from_stone_stonecutting":{"criteria":{"has_stone":"2025-03-25 20:42:55 +0000"},"done":true},"minecraft:recipes/building_blocks/stone_brick_stairs_from_stone_stonecutting":{"criteria":{"has_stone":"2025-03-25 20:42:55 +0000"},"done":true},"minecraft:recipes/building_blocks/stone_slab_from_stone_stonecutting":{"criteria":{"has_stone":"2025-03-25 20:42:55 +0000"},"done":true},"minecraft:recipes/building_blocks/stone_bricks_from_stone_stonecutting":{"criteria":{"has_stone":"2025-03-25 20:42:55 +0000"},"done":true},"minecraft:recipes/building_blocks/stone_slab":{"criteria":{"has_stone":"2025-03-25 20:42:55 +0000"},"done":true},"minecraft:recipes/building_blocks/chiseled_stone_bricks_stone_from_stonecutting":{"criteria":{"has_stone":"2025-03-25 20:42:55 +0000"},"done":true},"minecraft:recipes/building_blocks/stone_stairs_from_stone_stonecutting":{"criteria":{"has_stone":"2025-03-25 20:42:55 +0000"},"done":true},"minecraft:recipes/redstone/stone_button":{"criteria":{"has_stone":"2025-03-25 20:42:55 +0000"},"done":true},"minecraft:recipes/decorations/stonecutter":{"criteria":{"has_stone":"2025-03-25 20:42:55 +0000"},"done":true},"minecraft:recipes/redstone/stone_pressure_plate":{"criteria":{"has_stone":"2025-03-25 20:42:55 +0000"},"done":true},"minecraft:recipes/building_blocks/smooth_stone":{"criteria":{"has_stone":"2025-03-25 20:42:55 +0000"},"done":true},"minecraft:recipes/decorations/stone_brick_walls_from_stone_stonecutting":{"criteria":{"has_stone":"2025-03-25 20:42:55 +0000"},"done":true},"minecraft:recipes/building_blocks/stone_stairs":{"criteria":{"has_stone":"2025-03-25 20:42:55 +0000"},"done":true},"minecraft:recipes/decorations/grindstone":{"criteria":{"has_stone_slab":"2025-03-25 20:43:01 +0000"},"done":true},"minecraft:recipes/misc/blue_dye":{"criteria":{"has_lapis_lazuli":"2025-03-26 17:13:05 +0000"},"done":true},"minecraft:recipes/building_blocks/lapis_block":{"criteria":{"has_lapis_lazuli":"2025-03-26 17:13:05 +0000"},"done":true},"minecraft:recipes/transportation/detector_rail":{"criteria":{"has_rail":"2025-03-26 18:05:49 +0000"},"done":true},"minecraft:recipes/transportation/activator_rail":{"criteria":{"has_rail":"2025-03-26 18:05:49 +0000"},"done":true},"minecraft:recipes/transportation/powered_rail":{"criteria":{"has_rail":"2025-03-26 18:05:49 +0000"},"done":true},"DataVersion":4082}