{"minecraft:recipes/redstone/lever":{"criteria":{"has_cobblestone":"2025-03-26 17:06:29 +0000"},"done":true},"minecraft:recipes/redstone/acacia_button":{"criteria":{"has_planks":"2025-03-26 17:05:52 +0000"},"done":true},"minecraft:recipes/combat/iron_sword":{"criteria":{"has_iron_ingot":"2025-03-26 17:14:47 +0000"},"done":true},"minecraft:recipes/building_blocks/polished_deepslate":{"criteria":{"has_cobbled_deepslate":"2025-03-26 17:46:46 +0000"},"done":true},"minecraft:recipes/building_blocks/lime_concrete_powder":{"criteria":{"has_sand":"2025-03-26 17:15:47 +0000"},"done":true},"minecraft:recipes/tools/iron_pickaxe":{"criteria":{"has_iron_ingot":"2025-03-26 17:14:47 +0000"},"done":true},"minecraft:recipes/combat/leather_helmet":{"criteria":{"has_leather":"2025-03-26 17:08:59 +0000"},"done":true},"minecraft:recipes/misc/melon_seeds":{"criteria":{"has_melon":"2025-03-26 17:09:55 +0000"},"done":true},"minecraft:recipes/decorations/ladder":{"criteria":{"has_stick":"2025-03-26 17:05:54 +0000"},"done":true},"minecraft:recipes/building_blocks/dark_oak_slab":{"criteria":{"has_planks":"2025-03-26 18:22:04 +0000"},"done":true},"minecraft:recipes/transportation/mangrove_boat":{"criteria":{"in_water":"2025-03-26 17:07:12 +0000"},"done":true},"minecraft:recipes/decorations/torch":{"criteria":{"has_stone_pickaxe":"2025-03-26 17:06:36 +0000"},"done":true},"minecraft:recipes/building_blocks/dark_oak_planks":{"criteria":{"has_log":"2025-03-26 18:22:03 +0000"},"done":true},"minecraft:recipes/combat/iron_leggings":{"criteria":{"has_iron_ingot":"2025-03-26 17:14:47 +0000"},"done":true},"minecraft:recipes/building_blocks/sandstone_stairs":{"criteria":{"has_sandstone":"2025-03-26 17:43:51 +0000"},"done":true},"minecraft:recipes/redstone/dark_oak_door":{"criteria":{"has_planks":"2025-03-26 18:22:04 +0000"},"done":true},"minecraft:recipes/combat/shield":{"criteria":{"has_iron_ingot":"2025-03-26 17:14:47 +0000"},"done":true},"minecraft:recipes/decorations/gray_bed":{"criteria":{"has_gray_wool":"2025-03-26 17:13:17 +0000"},"done":true},"minecraft:recipes/redstone/hopper":{"criteria":{"has_iron_ingot":"2025-03-26 17:14:47 +0000"},"done":true},"minecraft:recipes/building_blocks/deepslate_tile_stairs_from_cobbled_deepslate_stonecutting":{"criteria":{"has_cobbled_deepslate":"2025-03-26 17:46:46 +0000"},"done":true},"minecraft:recipes/building_blocks/light_gray_concrete_powder":{"criteria":{"has_sand":"2025-03-26 17:15:47 +0000"},"done":true},"minecraft:recipes/combat/leather_leggings":{"criteria":{"has_leather":"2025-03-26 17:08:59 +0000"},"done":true},"minecraft:recipes/building_blocks/pink_concrete_powder":{"criteria":{"has_sand":"2025-03-26 17:15:47 +0000"},"done":true},"minecraft:recipes/building_blocks/sandstone_slab":{"criteria":{"has_sandstone":"2025-03-26 17:43:51 +0000"},"done":true},"minecraft:recipes/building_blocks/andesite_stairs_from_andesite_stonecutting":{"criteria":{"has_andesite":"2025-03-26 17:46:20 +0000"},"done":true},"minecraft:recipes/decorations/iron_bars":{"criteria":{"has_iron_ingot":"2025-03-26 17:14:47 +0000"},"done":true},"minecraft:story/obtain_armor":{"criteria":{"iron_leggings":"2025-03-26 17:18:39 +0000"},"done":true},"minecraft:recipes/decorations/deepslate_brick_wall_from_cobbled_deepslate_stonecutting":{"criteria":{"has_cobbled_deepslate":"2025-03-26 17:46:46 +0000"},"done":true},"minecraft:recipes/combat/diamond_leggings":{"criteria":{"has_diamond":"2025-03-26 17:47:23 +0000"},"done":true},"minecraft:recipes/misc/copper_ingot_from_blasting_raw_copper":{"criteria":{"has_raw_copper":"2025-03-26 18:39:18 +0000"},"done":true},"minecraft:recipes/transportation/dark_oak_chest_boat":{"criteria":{"has_boat":"2025-03-26 18:11:25 +0000"},"done":true},"minecraft:recipes/building_blocks/polished_deepslate_from_cobbled_deepslate_stonecutting":{"criteria":{"has_cobbled_deepslate":"2025-03-26 17:46:46 +0000"},"done":true},"minecraft:recipes/food/cooked_beef_from_smoking":{"criteria":{"has_beef":"2025-03-26 17:08:59 +0000"},"done":true},"minecraft:recipes/decorations/fletching_table":{"criteria":{"has_flint":"2025-03-26 17:27:55 +0000"},"done":true},"minecraft:recipes/brewing/glistering_melon_slice":{"criteria":{"has_melon":"2025-03-26 17:09:55 +0000"},"done":true},"minecraft:recipes/food/cooked_chicken_from_campfire_cooking":{"criteria":{"has_chicken":"2025-03-26 17:07:39 +0000"},"done":true},"minecraft:recipes/redstone/dark_oak_fence_gate":{"criteria":{"has_planks":"2025-03-26 18:22:04 +0000"},"done":true},"minecraft:recipes/misc/iron_nugget_from_smelting":{"criteria":{"has_iron_leggings":"2025-03-26 17:18:39 +0000"},"done":true},"minecraft:recipes/food/cooked_mutton_from_smoking":{"criteria":{"has_mutton":"2025-03-26 17:13:17 +0000"},"done":true},"minecraft:recipes/building_blocks/polished_deepslate_slab_from_cobbled_deepslate_stonecutting":{"criteria":{"has_cobbled_deepslate":"2025-03-26 17:46:46 +0000"},"done":true},"minecraft:recipes/misc/blue_dye":{"criteria":{"has_lapis_lazuli":"2025-03-26 17:14:49 +0000"},"done":true},"minecraft:recipes/misc/gold_ingot_from_gold_block":{"criteria":{"has_gold_block":"2025-03-26 17:27:23 +0000"},"done":true},"minecraft:recipes/building_blocks/orange_concrete_powder":{"criteria":{"has_sand":"2025-03-26 17:15:47 +0000"},"done":true},"minecraft:recipes/food/baked_potato_from_campfire_cooking":{"criteria":{"has_potato":"2025-03-26 17:38:39 +0000"},"done":true},"minecraft:recipes/building_blocks/oak_slab":{"criteria":{"has_planks":"2025-03-26 18:11:24 +0000"},"done":true},"minecraft:recipes/building_blocks/raw_copper_block":{"criteria":{"has_raw_copper":"2025-03-26 18:39:18 +0000"},"done":true},"minecraft:recipes/building_blocks/granite_stairs":{"criteria":{"has_granite":"2025-03-26 18:41:40 +0000"},"done":true},"minecraft:recipes/redstone/acacia_pressure_plate":{"criteria":{"has_planks":"2025-03-26 17:05:52 +0000"},"done":true},"minecraft:recipes/building_blocks/diorite_stairs_from_diorite_stonecutting":{"criteria":{"has_diorite":"2025-03-26 17:46:28 +0000"},"done":true},"minecraft:recipes/building_blocks/jungle_wood":{"criteria":{"has_log":"2025-03-26 17:08:45 +0000"},"done":true},"minecraft:recipes/transportation/bamboo_chest_raft":{"criteria":{"has_boat":"2025-03-26 18:11:25 +0000"},"done":true},"minecraft:recipes/building_blocks/bookshelf":{"criteria":{"has_book":"2025-03-26 18:06:23 +0000"},"done":true},"minecraft:recipes/building_blocks/jungle_planks":{"criteria":{"has_logs":"2025-03-26 17:08:45 +0000"},"done":true},"minecraft:recipes/combat/iron_boots":{"criteria":{"has_iron_ingot":"2025-03-26 17:14:47 +0000"},"done":true},"minecraft:story/iron_tools":{"criteria":{"iron_pickaxe":"2025-03-26 17:18:59 +0000"},"done":true},"minecraft:recipes/combat/iron_chestplate":{"criteria":{"has_iron_ingot":"2025-03-26 17:14:47 +0000"},"done":true},"minecraft:recipes/redstone/dark_oak_trapdoor":{"criteria":{"has_planks":"2025-03-26 18:22:04 +0000"},"done":true},"minecraft:recipes/decorations/oak_sign":{"criteria":{"has_planks":"2025-03-26 18:11:24 +0000"},"done":true},"minecraft:recipes/redstone/oak_trapdoor":{"criteria":{"has_planks":"2025-03-26 18:11:24 +0000"},"done":true},"minecraft:recipes/building_blocks/granite_stairs_from_granite_stonecutting":{"criteria":{"has_granite":"2025-03-26 18:41:40 +0000"},"done":true},"minecraft:recipes/building_blocks/red_concrete_powder":{"criteria":{"has_sand":"2025-03-26 17:15:47 +0000"},"done":true},"minecraft:recipes/building_blocks/deepslate_brick_stairs_from_cobbled_deepslate_stonecutting":{"criteria":{"has_cobbled_deepslate":"2025-03-26 17:46:46 +0000"},"done":true},"minecraft:recipes/misc/book":{"criteria":{"has_paper":"2025-03-26 18:06:19 +0000"},"done":true},"minecraft:recipes/combat/stone_sword":{"criteria":{"has_cobblestone":"2025-03-26 17:06:29 +0000"},"done":true},"minecraft:recipes/decorations/cobblestone_wall":{"criteria":{"has_cobblestone":"2025-03-26 17:06:29 +0000"},"done":true},"minecraft:recipes/tools/stone_pickaxe":{"criteria":{"has_cobblestone":"2025-03-26 17:06:29 +0000"},"done":true},"minecraft:recipes/building_blocks/deepslate_brick_slab_from_cobbled_deepslate_stonecutting":{"criteria":{"has_cobbled_deepslate":"2025-03-26 17:46:46 +0000"},"done":true},"minecraft:recipes/misc/black_dye":{"criteria":{"has_ink_sac":"2025-03-26 17:07:19 +0000"},"done":true},"minecraft:recipes/building_blocks/lapis_block":{"criteria":{"has_lapis_lazuli":"2025-03-26 17:14:49 +0000"},"done":true},"minecraft:recipes/decorations/acacia_sign":{"criteria":{"has_planks":"2025-03-26 17:05:52 +0000"},"done":true},"minecraft:recipes/decorations/lantern":{"criteria":{"has_iron_ingot":"2025-03-26 17:14:47 +0000"},"done":true},"minecraft:recipes/misc/gold_nugget_from_smelting":{"criteria":{"has_golden_leggings":"2025-03-26 17:27:51 +0000"},"done":true},"minecraft:recipes/building_blocks/polished_diorite":{"criteria":{"has_diorite":"2025-03-26 17:46:28 +0000"},"done":true},"minecraft:recipes/building_blocks/cobbled_deepslate_slab_from_cobbled_deepslate_stonecutting":{"criteria":{"has_cobbled_deepslate":"2025-03-26 17:46:46 +0000"},"done":true},"minecraft:recipes/food/cooked_chicken":{"criteria":{"has_chicken":"2025-03-26 17:07:39 +0000"},"done":true},"minecraft:recipes/misc/brown_dye":{"criteria":{"has_cocoa_beans":"2025-03-26 17:08:33 +0000"},"done":true},"minecraft:recipes/tools/stone_axe":{"criteria":{"has_cobblestone":"2025-03-26 17:06:29 +0000"},"done":true},"minecraft:recipes/food/cooked_mutton":{"criteria":{"has_mutton":"2025-03-26 17:13:17 +0000"},"done":true},"minecraft:recipes/building_blocks/magenta_concrete_powder":{"criteria":{"has_sand":"2025-03-26 17:15:47 +0000"},"done":true},"minecraft:recipes/building_blocks/cut_sandstone_from_sandstone_stonecutting":{"criteria":{"has_sandstone":"2025-03-26 17:43:51 +0000"},"done":true},"minecraft:recipes/decorations/campfire":{"criteria":{"has_stick":"2025-03-26 17:05:54 +0000"},"done":true},"minecraft:recipes/misc/iron_nugget":{"criteria":{"has_iron_ingot":"2025-03-26 17:14:47 +0000"},"done":true},"minecraft:recipes/building_blocks/brown_concrete_powder":{"criteria":{"has_sand":"2025-03-26 17:15:47 +0000"},"done":true},"minecraft:recipes/building_blocks/deepslate_tile_slab_from_cobbled_deepslate_stonecutting":{"criteria":{"has_cobbled_deepslate":"2025-03-26 17:46:46 +0000"},"done":true},"minecraft:recipes/combat/diamond_sword":{"criteria":{"has_diamond":"2025-03-26 17:47:23 +0000"},"done":true},"minecraft:recipes/decorations/jukebox":{"criteria":{"has_diamond":"2025-03-26 17:47:23 +0000"},"done":true},"minecraft:recipes/tools/flint_and_steel":{"criteria":{"has_flint":"2025-03-26 17:27:55 +0000"},"done":true},"minecraft:recipes/misc/sugar_from_sugar_cane":{"criteria":{"has_sugar_cane":"2025-03-26 17:10:36 +0000"},"done":true},"minecraft:recipes/redstone/jungle_trapdoor":{"criteria":{"has_planks":"2025-03-26 18:20:29 +0000"},"done":true},"minecraft:recipes/tools/wooden_hoe":{"criteria":{"has_stick":"2025-03-26 17:05:54 +0000"},"done":true},"minecraft:recipes/misc/bucket":{"criteria":{"has_iron_ingot":"2025-03-26 17:14:47 +0000"},"done":true},"minecraft:recipes/building_blocks/diorite_slab":{"criteria":{"has_diorite":"2025-03-26 17:46:28 +0000"},"done":true},"minecraft:recipes/building_blocks/chiseled_sandstone_from_sandstone_stonecutting":{"criteria":{"has_sandstone":"2025-03-26 17:43:51 +0000"},"done":true},"minecraft:recipes/decorations/granite_wall":{"criteria":{"has_granite":"2025-03-26 18:41:40 +0000"},"done":true},"minecraft:recipes/decorations/white_banner":{"criteria":{"has_white_wool":"2025-03-26 17:22:54 +0000"},"done":true},"minecraft:recipes/building_blocks/light_blue_concrete_powder":{"criteria":{"has_sand":"2025-03-26 17:15:47 +0000"},"done":true},"minecraft:recipes/building_blocks/glass":{"criteria":{"has_smelts_to_glass":"2025-03-26 17:15:47 +0000"},"done":true},"minecraft:recipes/combat/iron_helmet":{"criteria":{"has_iron_ingot":"2025-03-26 17:14:47 +0000"},"done":true},"minecraft:recipes/food/cooked_chicken_from_smoking":{"criteria":{"has_chicken":"2025-03-26 17:07:39 +0000"},"done":true},"minecraft:recipes/redstone/oak_fence_gate":{"criteria":{"has_planks":"2025-03-26 18:11:24 +0000"},"done":true},"minecraft:recipes/building_blocks/acacia_slab":{"criteria":{"has_planks":"2025-03-26 17:05:52 +0000"},"done":true},"minecraft:recipes/building_blocks/smooth_sandstone":{"criteria":{"has_sandstone":"2025-03-26 17:43:51 +0000"},"done":true},"minecraft:husbandry/bred_all_animals":{"criteria":{"minecraft:cow":"2025-03-26 18:10:38 +0000"},"done":false},"minecraft:recipes/decorations/diorite_wall_from_diorite_stonecutting":{"criteria":{"has_diorite":"2025-03-26 17:46:28 +0000"},"done":true},"minecraft:recipes/combat/diamond_chestplate":{"criteria":{"has_diamond":"2025-03-26 17:47:23 +0000"},"done":true},"minecraft:story/mine_stone":{"criteria":{"get_stone":"2025-03-26 17:06:29 +0000"},"done":true},"minecraft:recipes/decorations/furnace":{"criteria":{"has_cobblestone":"2025-03-26 17:06:29 +0000"},"done":true},"minecraft:recipes/transportation/minecart":{"criteria":{"has_iron_ingot":"2025-03-26 17:14:47 +0000"},"done":true},"minecraft:recipes/building_blocks/andesite_stairs":{"criteria":{"has_andesite":"2025-03-26 17:46:20 +0000"},"done":true},"minecraft:recipes/misc/charcoal":{"criteria":{"has_log":"2025-03-26 17:04:34 +0000"},"done":true},"minecraft:recipes/tools/iron_hoe":{"criteria":{"has_iron_ingot":"2025-03-26 17:14:47 +0000"},"done":true},"minecraft:recipes/tools/wooden_pickaxe":{"criteria":{"has_stick":"2025-03-26 17:05:54 +0000"},"done":true},"minecraft:recipes/building_blocks/cobbled_deepslate_stairs":{"criteria":{"has_cobbled_deepslate":"2025-03-26 17:46:46 +0000"},"done":true},"minecraft:recipes/building_blocks/polished_granite_slab_from_granite_stonecutting":{"criteria":{"has_granite":"2025-03-26 18:41:40 +0000"},"done":true},"minecraft:recipes/building_blocks/green_concrete_powder":{"criteria":{"has_sand":"2025-03-26 17:15:47 +0000"},"done":true},"minecraft:recipes/building_blocks/polished_andesite_from_andesite_stonecutting":{"criteria":{"has_andesite":"2025-03-26 17:46:20 +0000"},"done":true},"minecraft:recipes/tools/iron_shovel":{"criteria":{"has_iron_ingot":"2025-03-26 17:14:47 +0000"},"done":true},"minecraft:recipes/building_blocks/dark_oak_wood":{"criteria":{"has_log":"2025-03-26 18:22:03 +0000"},"done":true},"minecraft:recipes/decorations/item_frame":{"criteria":{"has_leather":"2025-03-26 17:08:59 +0000"},"done":true},"minecraft:recipes/food/baked_potato_from_smoking":{"criteria":{"has_potato":"2025-03-26 17:38:39 +0000"},"done":true},"minecraft:recipes/food/baked_potato":{"criteria":{"has_potato":"2025-03-26 17:38:39 +0000"},"done":true},"minecraft:story/upgrade_tools":{"criteria":{"stone_pickaxe":"2025-03-26 17:06:36 +0000"},"done":true},"minecraft:recipes/combat/diamond_helmet":{"criteria":{"has_diamond":"2025-03-26 17:47:23 +0000"},"done":true},"minecraft:recipes/decorations/sandstone_wall_from_sandstone_stonecutting":{"criteria":{"has_sandstone":"2025-03-26 17:43:51 +0000"},"done":true},"minecraft:recipes/tools/wooden_axe":{"criteria":{"has_stick":"2025-03-26 17:05:54 +0000"},"done":true},"minecraft:husbandry/tactical_fishing":{"criteria":{"pufferfish_bucket":"2025-03-26 18:03:49 +0000"},"done":true},"minecraft:recipes/decorations/painting":{"criteria":{"has_wool":"2025-03-26 17:13:17 +0000"},"done":true},"minecraft:recipes/combat/arrow":{"criteria":{"has_feather":"2025-03-26 17:07:42 +0000"},"done":true},"minecraft:recipes/misc/gold_nugget_from_blasting":{"criteria":{"has_golden_leggings":"2025-03-26 17:27:51 +0000"},"done":true},"minecraft:recipes/building_blocks/blue_concrete_powder":{"criteria":{"has_sand":"2025-03-26 17:15:47 +0000"},"done":true},"minecraft:recipes/building_blocks/granite_slab_from_granite_stonecutting":{"criteria":{"has_granite":"2025-03-26 18:41:40 +0000"},"done":true},"minecraft:recipes/decorations/jungle_sign":{"criteria":{"has_planks":"2025-03-26 18:20:29 +0000"},"done":true},"minecraft:recipes/building_blocks/andesite":{"criteria":{"has_stone":"2025-03-26 17:46:28 +0000"},"done":true},"minecraft:recipes/building_blocks/cut_sandstone_slab_from_sandstone_stonecutting":{"criteria":{"has_sandstone":"2025-03-26 17:43:51 +0000"},"done":true},"minecraft:recipes/redstone/acacia_trapdoor":{"criteria":{"has_planks":"2025-03-26 17:05:52 +0000"},"done":true},"minecraft:recipes/redstone/oak_pressure_plate":{"criteria":{"has_planks":"2025-03-26 18:11:24 +0000"},"done":true},"minecraft:recipes/building_blocks/cut_sandstone":{"criteria":{"has_sandstone":"2025-03-26 17:43:51 +0000"},"done":true},"minecraft:recipes/building_blocks/sandstone_slab_from_sandstone_stonecutting":{"criteria":{"has_sandstone":"2025-03-26 17:43:51 +0000"},"done":true},"minecraft:recipes/transportation/spruce_chest_boat":{"criteria":{"has_boat":"2025-03-26 18:11:25 +0000"},"done":true},"minecraft:story/form_obsidian":{"criteria":{"obsidian":"2025-03-26 18:03:07 +0000"},"done":true},"minecraft:recipes/food/cooked_rabbit":{"criteria":{"has_rabbit":"2025-03-26 17:25:29 +0000"},"done":true},"minecraft:recipes/combat/leather_chestplate":{"criteria":{"has_leather":"2025-03-26 17:08:59 +0000"},"done":true},"minecraft:recipes/building_blocks/polished_andesite":{"criteria":{"has_andesite":"2025-03-26 17:46:20 +0000"},"done":true},"minecraft:recipes/decorations/composter":{"criteria":{"has_wood_slab":"2025-03-26 17:15:28 +0000"},"done":true},"minecraft:recipes/redstone/oak_door":{"criteria":{"has_planks":"2025-03-26 18:11:24 +0000"},"done":true},"minecraft:recipes/transportation/carrot_on_a_stick":{"criteria":{"has_carrot":"2025-03-26 17:14:18 +0000"},"done":true},"minecraft:recipes/decorations/andesite_wall_from_andesite_stonecutting":{"criteria":{"has_andesite":"2025-03-26 17:46:20 +0000"},"done":true},"minecraft:recipes/redstone/jungle_door":{"criteria":{"has_planks":"2025-03-26 18:20:29 +0000"},"done":true},"minecraft:recipes/building_blocks/polished_granite":{"criteria":{"has_granite":"2025-03-26 18:41:40 +0000"},"done":true},"minecraft:story/smelt_iron":{"criteria":{"iron":"2025-03-26 17:14:47 +0000"},"done":true},"minecraft:recipes/building_blocks/melon":{"criteria":{"has_melon":"2025-03-26 17:09:55 +0000"},"done":true},"minecraft:recipes/food/cooked_mutton_from_campfire_cooking":{"criteria":{"has_mutton":"2025-03-26 17:13:17 +0000"},"done":true},"minecraft:recipes/building_blocks/chiseled_deepslate_from_cobbled_deepslate_stonecutting":{"criteria":{"has_cobbled_deepslate":"2025-03-26 17:46:46 +0000"},"done":true},"minecraft:recipes/building_blocks/yellow_concrete_powder":{"criteria":{"has_sand":"2025-03-26 17:15:47 +0000"},"done":true},"minecraft:recipes/decorations/crafting_table":{"criteria":{"unlock_right_away":"2025-03-26 17:03:08 +0000"},"done":true},"minecraft:recipes/decorations/chest":{"criteria":{"has_lots_of_items":"2025-03-26 17:07:19 +0000"},"done":true},"minecraft:story/shiny_gear":{"criteria":{"diamond_chestplate":"2025-03-26 18:25:34 +0000"},"done":true},"minecraft:recipes/building_blocks/cobbled_deepslate_slab":{"criteria":{"has_cobbled_deepslate":"2025-03-26 17:46:46 +0000"},"done":true},"minecraft:recipes/tools/wooden_shovel":{"criteria":{"has_stick":"2025-03-26 17:05:54 +0000"},"done":true},"minecraft:recipes/redstone/dark_oak_button":{"criteria":{"has_planks":"2025-03-26 18:22:04 +0000"},"done":true},"minecraft:recipes/tools/shears":{"criteria":{"has_iron_ingot":"2025-03-26 17:14:47 +0000"},"done":true},"minecraft:recipes/misc/stick":{"criteria":{"has_planks":"2025-03-26 17:05:52 +0000"},"done":true},"minecraft:recipes/building_blocks/emerald_block":{"criteria":{"has_emerald":"2025-03-26 17:14:48 +0000"},"done":true},"minecraft:recipes/food/cooked_rabbit_from_smoking":{"criteria":{"has_rabbit":"2025-03-26 17:25:29 +0000"},"done":true},"minecraft:recipes/building_blocks/cobblestone_slab":{"criteria":{"has_cobblestone":"2025-03-26 17:06:29 +0000"},"done":true},"minecraft:recipes/decorations/cobbled_deepslate_wall_from_cobbled_deepslate_stonecutting":{"criteria":{"has_cobbled_deepslate":"2025-03-26 17:46:46 +0000"},"done":true},"minecraft:recipes/transportation/jungle_chest_boat":{"criteria":{"has_boat":"2025-03-26 18:11:25 +0000"},"done":true},"minecraft:recipes/redstone/lectern":{"criteria":{"has_book":"2025-03-26 18:06:23 +0000"},"done":true},"minecraft:recipes/decorations/acacia_fence":{"criteria":{"has_planks":"2025-03-26 17:05:52 +0000"},"done":true},"minecraft:recipes/transportation/acacia_chest_boat":{"criteria":{"has_boat":"2025-03-26 18:11:25 +0000"},"done":true},"minecraft:recipes/brewing/cauldron":{"criteria":{"has_water_bucket":"2025-03-26 17:44:03 +0000"},"done":true},"minecraft:adventure/sleep_in_bed":{"criteria":{"slept_in_bed":"2025-03-26 18:17:10 +0000"},"done":true},"minecraft:recipes/building_blocks/sandstone":{"criteria":{"has_sand":"2025-03-26 17:15:47 +0000"},"done":true},"minecraft:recipes/food/cooked_rabbit_from_campfire_cooking":{"criteria":{"has_rabbit":"2025-03-26 17:25:29 +0000"},"done":true},"minecraft:recipes/building_blocks/cobblestone_slab_from_cobblestone_stonecutting":{"criteria":{"has_cobblestone":"2025-03-26 17:06:29 +0000"},"done":true},"minecraft:recipes/building_blocks/oak_stairs":{"criteria":{"has_planks":"2025-03-26 18:11:24 +0000"},"done":true},"minecraft:recipes/building_blocks/polished_andesite_slab_from_andesite_stonecutting":{"criteria":{"has_andesite":"2025-03-26 17:46:20 +0000"},"done":true},"minecraft:recipes/transportation/acacia_boat":{"criteria":{"in_water":"2025-03-26 17:07:12 +0000"},"done":true},"minecraft:recipes/redstone/iron_trapdoor":{"criteria":{"has_iron_ingot":"2025-03-26 17:14:47 +0000"},"done":true},"minecraft:recipes/transportation/cherry_boat":{"criteria":{"in_water":"2025-03-26 17:07:12 +0000"},"done":true},"minecraft:adventure/root":{"criteria":{"killed_something":"2025-03-26 17:07:16 +0000"},"done":true},"minecraft:recipes/building_blocks/white_concrete_powder":{"criteria":{"has_sand":"2025-03-26 17:15:47 +0000"},"done":true},"minecraft:recipes/decorations/jungle_fence":{"criteria":{"has_planks":"2025-03-26 18:20:29 +0000"},"done":true},"minecraft:recipes/tools/diamond_pickaxe":{"criteria":{"has_diamond":"2025-03-26 17:47:23 +0000"},"done":true},"minecraft:recipes/decorations/granite_wall_from_granite_stonecutting":{"criteria":{"has_granite":"2025-03-26 18:41:40 +0000"},"done":true},"minecraft:recipes/decorations/chain":{"criteria":{"has_iron_ingot":"2025-03-26 17:14:47 +0000"},"done":true},"minecraft:recipes/decorations/oak_fence":{"criteria":{"has_planks":"2025-03-26 18:11:24 +0000"},"done":true},"minecraft:recipes/building_blocks/chiseled_bookshelf":{"criteria":{"has_book":"2025-03-26 18:06:23 +0000"},"done":true},"minecraft:recipes/redstone/jungle_pressure_plate":{"criteria":{"has_planks":"2025-03-26 18:20:29 +0000"},"done":true},"minecraft:recipes/decorations/deepslate_tile_wall_from_cobbled_deepslate_stonecutting":{"criteria":{"has_cobbled_deepslate":"2025-03-26 17:46:46 +0000"},"done":true},"minecraft:recipes/building_blocks/iron_block":{"criteria":{"has_iron_ingot":"2025-03-26 17:14:47 +0000"},"done":true},"minecraft:recipes/building_blocks/acacia_wood":{"criteria":{"has_log":"2025-03-26 17:04:34 +0000"},"done":true},"minecraft:recipes/combat/wooden_sword":{"criteria":{"has_stick":"2025-03-26 17:05:54 +0000"},"done":true},"minecraft:recipes/decorations/gray_banner":{"criteria":{"has_gray_wool":"2025-03-26 17:13:17 +0000"},"done":true},"minecraft:recipes/building_blocks/oak_planks":{"criteria":{"has_logs":"2025-03-26 17:23:08 +0000"},"done":true},"minecraft:recipes/building_blocks/gray_concrete_powder":{"criteria":{"has_sand":"2025-03-26 17:15:47 +0000"},"done":true},"minecraft:recipes/tools/iron_axe":{"criteria":{"has_iron_ingot":"2025-03-26 17:14:47 +0000"},"done":true},"minecraft:recipes/transportation/mangrove_chest_boat":{"criteria":{"has_boat":"2025-03-26 18:11:25 +0000"},"done":true},"minecraft:recipes/decorations/gray_carpet":{"criteria":{"has_gray_wool":"2025-03-26 17:13:17 +0000"},"done":true},"minecraft:recipes/building_blocks/black_concrete_powder":{"criteria":{"has_sand":"2025-03-26 17:15:47 +0000"},"done":true},"minecraft:recipes/decorations/cartography_table":{"criteria":{"has_paper":"2025-03-26 18:06:19 +0000"},"done":true},"minecraft:recipes/building_blocks/sandstone_stairs_from_sandstone_stonecutting":{"criteria":{"has_sandstone":"2025-03-26 17:43:51 +0000"},"done":true},"minecraft:recipes/combat/crossbow":{"criteria":{"has_iron_ingot":"2025-03-26 17:14:47 +0000"},"done":true},"minecraft:recipes/decorations/cobbled_deepslate_wall":{"criteria":{"has_cobbled_deepslate":"2025-03-26 17:46:46 +0000"},"done":true},"minecraft:recipes/building_blocks/polished_diorite_from_diorite_stonecutting":{"criteria":{"has_diorite":"2025-03-26 17:46:28 +0000"},"done":true},"minecraft:recipes/misc/iron_nugget_from_blasting":{"criteria":{"has_iron_leggings":"2025-03-26 17:18:39 +0000"},"done":true},"minecraft:recipes/decorations/polished_deepslate_wall_from_cobbled_deepslate_stonecutting":{"criteria":{"has_cobbled_deepslate":"2025-03-26 17:46:46 +0000"},"done":true},"minecraft:recipes/decorations/diorite_wall":{"criteria":{"has_diorite":"2025-03-26 17:46:28 +0000"},"done":true},"minecraft:recipes/building_blocks/stone":{"criteria":{"has_cobblestone":"2025-03-26 17:06:29 +0000"},"done":true},"minecraft:recipes/building_blocks/deepslate_bricks_from_cobbled_deepslate_stonecutting":{"criteria":{"has_cobbled_deepslate":"2025-03-26 17:46:46 +0000"},"done":true},"minecraft:adventure/adventuring_time":{"criteria":{"minecraft:beach":"2025-03-26 17:10:31 +0000","minecraft:desert":"2025-03-26 17:15:12 +0000","minecraft:forest":"2025-03-26 17:07:08 +0000","minecraft:sparse_jungle":"2025-03-26 17:07:46 +0000","minecraft:jungle":"2025-03-26 17:09:48 +0000","minecraft:river":"2025-03-26 17:07:13 +0000","minecraft:lukewarm_ocean":"2025-03-26 17:10:41 +0000","minecraft:savanna":"2025-03-26 17:03:09 +0000","minecraft:windswept_savanna":"2025-03-26 17:22:04 +0000","minecraft:plains":"2025-03-26 17:07:22 +0000","minecraft:warm_ocean":"2025-03-26 17:15:00 +0000"},"done":false},"minecraft:recipes/transportation/bamboo_raft":{"criteria":{"in_water":"2025-03-26 17:07:12 +0000"},"done":true},"minecraft:recipes/decorations/barrel":{"criteria":{"has_planks":"2025-03-26 17:05:52 +0000"},"done":true},"minecraft:recipes/decorations/smithing_table":{"criteria":{"has_iron_ingot":"2025-03-26 17:14:47 +0000"},"done":true},"minecraft:recipes/combat/leather_boots":{"criteria":{"has_leather":"2025-03-26 17:08:59 +0000"},"done":true},"minecraft:recipes/decorations/cobblestone_wall_from_cobblestone_stonecutting":{"criteria":{"has_cobblestone":"2025-03-26 17:06:29 +0000"},"done":true},"minecraft:recipes/decorations/grindstone":{"criteria":{"has_stone_slab":"2025-03-26 18:13:28 +0000"},"done":true},"minecraft:recipes/building_blocks/diamond_block":{"criteria":{"has_diamond":"2025-03-26 17:47:23 +0000"},"done":true},"minecraft:recipes/decorations/sandstone_wall":{"criteria":{"has_sandstone":"2025-03-26 17:43:51 +0000"},"done":true},"minecraft:recipes/food/cookie":{"criteria":{"has_cocoa":"2025-03-26 17:08:33 +0000"},"done":true},"minecraft:recipes/decorations/andesite_wall":{"criteria":{"has_andesite":"2025-03-26 17:46:20 +0000"},"done":true},"minecraft:recipes/building_blocks/andesite_slab":{"criteria":{"has_andesite":"2025-03-26 17:46:20 +0000"},"done":true},"minecraft:recipes/building_blocks/acacia_stairs":{"criteria":{"has_planks":"2025-03-26 17:05:52 +0000"},"done":true},"minecraft:recipes/building_blocks/cobblestone_stairs_from_cobblestone_stonecutting":{"criteria":{"has_cobblestone":"2025-03-26 17:06:29 +0000"},"done":true},"minecraft:recipes/misc/writable_book":{"criteria":{"has_book":"2025-03-26 18:06:23 +0000"},"done":true},"minecraft:recipes/building_blocks/polished_andesite_stairs_from_andesite_stonecutting":{"criteria":{"has_andesite":"2025-03-26 17:46:20 +0000"},"done":true},"minecraft:recipes/decorations/white_bed":{"criteria":{"has_white_wool":"2025-03-26 17:22:54 +0000"},"done":true},"minecraft:recipes/misc/green_dye":{"criteria":{"has_cactus":"2025-03-26 18:08:06 +0000"},"done":true},"minecraft:recipes/food/bread":{"criteria":{"has_wheat":"2025-03-26 17:14:19 +0000"},"done":true},"minecraft:recipes/building_blocks/diorite_slab_from_diorite_stonecutting":{"criteria":{"has_diorite":"2025-03-26 17:46:28 +0000"},"done":true},"minecraft:recipes/transportation/spruce_boat":{"criteria":{"in_water":"2025-03-26 17:07:12 +0000"},"done":true},"minecraft:recipes/food/mushroom_stew":{"criteria":{"has_bowl":"2025-03-26 17:14:38 +0000"},"done":true},"minecraft:recipes/building_blocks/polished_granite_from_granite_stonecutting":{"criteria":{"has_granite":"2025-03-26 18:41:40 +0000"},"done":true},"minecraft:husbandry/balanced_diet":{"criteria":{"mutton":"2025-03-26 17:13:40 +0000","suspicious_stew":"2025-03-26 17:14:38 +0000","cooked_mutton":"2025-03-26 18:01:23 +0000","beef":"2025-03-26 17:12:44 +0000","baked_potato":"2025-03-26 17:17:36 +0000"},"done":false},"minecraft:recipes/redstone/jungle_button":{"criteria":{"has_planks":"2025-03-26 18:20:29 +0000"},"done":true},"minecraft:recipes/building_blocks/cobblestone_stairs":{"criteria":{"has_cobblestone":"2025-03-26 17:06:29 +0000"},"done":true},"minecraft:recipes/building_blocks/deepslate_tiles_from_cobbled_deepslate_stonecutting":{"criteria":{"has_cobbled_deepslate":"2025-03-26 17:46:46 +0000"},"done":true},"minecraft:recipes/building_blocks/polished_diorite_slab_from_diorite_stonecutting":{"criteria":{"has_diorite":"2025-03-26 17:46:28 +0000"},"done":true},"minecraft:recipes/building_blocks/hay_block":{"criteria":{"has_wheat":"2025-03-26 17:14:19 +0000"},"done":true},"minecraft:recipes/misc/leather_horse_armor":{"criteria":{"has_leather":"2025-03-26 17:08:59 +0000"},"done":true},"minecraft:recipes/building_blocks/purple_concrete_powder":{"criteria":{"has_sand":"2025-03-26 17:15:47 +0000"},"done":true},"minecraft:recipes/transportation/oak_chest_boat":{"criteria":{"has_boat":"2025-03-26 18:11:25 +0000"},"done":true},"minecraft:husbandry/root":{"criteria":{"consumed_item":"2025-03-26 17:12:44 +0000"},"done":true},"minecraft:recipes/transportation/birch_boat":{"criteria":{"in_water":"2025-03-26 17:07:12 +0000"},"done":true},"minecraft:recipes/decorations/enchanting_table":{"criteria":{"has_obsidian":"2025-03-26 18:03:07 +0000"},"done":true},"minecraft:recipes/building_blocks/cobbled_deepslate_stairs_from_cobbled_deepslate_stonecutting":{"criteria":{"has_cobbled_deepslate":"2025-03-26 17:46:46 +0000"},"done":true},"minecraft:recipes/redstone/acacia_door":{"criteria":{"has_planks":"2025-03-26 17:05:52 +0000"},"done":true},"minecraft:recipes/tools/stone_hoe":{"criteria":{"has_cobblestone":"2025-03-26 17:06:29 +0000"},"done":true},"minecraft:recipes/tools/diamond_hoe":{"criteria":{"has_diamond":"2025-03-26 17:47:23 +0000"},"done":true},"minecraft:recipes/building_blocks/dark_oak_stairs":{"criteria":{"has_planks":"2025-03-26 18:22:04 +0000"},"done":true},"minecraft:recipes/tools/diamond_shovel":{"criteria":{"has_diamond":"2025-03-26 17:47:23 +0000"},"done":true},"minecraft:adventure/trade":{"criteria":{"traded":"2025-03-26 18:20:35 +0000"},"done":true},"minecraft:recipes/building_blocks/deepslate":{"criteria":{"has_cobbled_deepslate":"2025-03-26 17:46:46 +0000"},"done":true},"minecraft:recipes/building_blocks/granite_slab":{"criteria":{"has_granite":"2025-03-26 18:41:40 +0000"},"done":true},"minecraft:recipes/decorations/white_carpet":{"criteria":{"has_white_wool":"2025-03-26 17:22:54 +0000"},"done":true},"minecraft:recipes/decorations/dark_oak_sign":{"criteria":{"has_planks":"2025-03-26 18:22:04 +0000"},"done":true},"minecraft:recipes/transportation/cherry_chest_boat":{"criteria":{"has_boat":"2025-03-26 18:11:25 +0000"},"done":true},"minecraft:recipes/transportation/birch_chest_boat":{"criteria":{"has_boat":"2025-03-26 18:11:25 +0000"},"done":true},"minecraft:story/mine_diamond":{"criteria":{"diamond":"2025-03-26 17:47:23 +0000"},"done":true},"minecraft:recipes/building_blocks/polished_granite_stairs_from_granite_stonecutting":{"criteria":{"has_granite":"2025-03-26 18:41:40 +0000"},"done":true},"minecraft:recipes/transportation/oak_boat":{"criteria":{"in_water":"2025-03-26 17:07:12 +0000"},"done":true},"minecraft:recipes/building_blocks/cyan_concrete_powder":{"criteria":{"has_sand":"2025-03-26 17:15:47 +0000"},"done":true},"minecraft:recipes/misc/paper":{"criteria":{"has_reeds":"2025-03-26 17:10:36 +0000"},"done":true},"minecraft:recipes/building_blocks/polished_diorite_stairs_from_diorite_stonecutting":{"criteria":{"has_diorite":"2025-03-26 17:46:28 +0000"},"done":true},"minecraft:recipes/tools/diamond_axe":{"criteria":{"has_diamond":"2025-03-26 17:47:23 +0000"},"done":true},"minecraft:recipes/building_blocks/andesite_slab_from_andesite_stonecutting":{"criteria":{"has_andesite":"2025-03-26 17:46:20 +0000"},"done":true},"minecraft:recipes/redstone/acacia_fence_gate":{"criteria":{"has_planks":"2025-03-26 17:05:52 +0000"},"done":true},"minecraft:recipes/building_blocks/coal_block":{"criteria":{"has_coal":"2025-03-26 17:46:17 +0000"},"done":true},"minecraft:recipes/tools/stone_shovel":{"criteria":{"has_cobblestone":"2025-03-26 17:06:29 +0000"},"done":true},"minecraft:recipes/building_blocks/diorite_stairs":{"criteria":{"has_diorite":"2025-03-26 17:46:28 +0000"},"done":true},"minecraft:recipes/building_blocks/polished_deepslate_stairs_from_cobbled_deepslate_stonecutting":{"criteria":{"has_cobbled_deepslate":"2025-03-26 17:46:46 +0000"},"done":true},"minecraft:recipes/building_blocks/oak_wood":{"criteria":{"has_log":"2025-03-26 17:23:08 +0000"},"done":true},"minecraft:story/root":{"criteria":{"crafting_table":"2025-03-26 17:05:54 +0000"},"done":true},"minecraft:recipes/building_blocks/jungle_slab":{"criteria":{"has_planks":"2025-03-26 18:20:29 +0000"},"done":true},"minecraft:recipes/building_blocks/acacia_planks":{"criteria":{"has_log":"2025-03-26 17:04:34 +0000"},"done":true},"minecraft:recipes/redstone/oak_button":{"criteria":{"has_planks":"2025-03-26 18:11:24 +0000"},"done":true},"minecraft:recipes/redstone/dark_oak_pressure_plate":{"criteria":{"has_planks":"2025-03-26 18:22:04 +0000"},"done":true},"minecraft:recipes/food/cooked_beef":{"criteria":{"has_beef":"2025-03-26 17:08:59 +0000"},"done":true},"minecraft:recipes/redstone/iron_door":{"criteria":{"has_iron_ingot":"2025-03-26 17:14:47 +0000"},"done":true},"minecraft:recipes/misc/copper_ingot_from_smelting_raw_copper":{"criteria":{"has_raw_copper":"2025-03-26 18:39:18 +0000"},"done":true},"minecraft:recipes/misc/iron_ingot_from_nuggets":{"criteria":{"has_iron_nugget":"2025-03-26 17:14:48 +0000"},"done":true},"minecraft:recipes/transportation/jungle_boat":{"criteria":{"in_water":"2025-03-26 17:07:12 +0000"},"done":true},"minecraft:recipes/building_blocks/jungle_stairs":{"criteria":{"has_planks":"2025-03-26 18:20:29 +0000"},"done":true},"minecraft:recipes/redstone/heavy_weighted_pressure_plate":{"criteria":{"has_iron_ingot":"2025-03-26 17:14:47 +0000"},"done":true},"minecraft:recipes/transportation/dark_oak_boat":{"criteria":{"in_water":"2025-03-26 17:07:12 +0000"},"done":true},"minecraft:husbandry/breed_an_animal":{"criteria":{"bred":"2025-03-26 18:10:38 +0000"},"done":true},"minecraft:recipes/redstone/jungle_fence_gate":{"criteria":{"has_planks":"2025-03-26 18:20:29 +0000"},"done":true},"minecraft:recipes/food/cooked_beef_from_campfire_cooking":{"criteria":{"has_beef":"2025-03-26 17:08:59 +0000"},"done":true},"minecraft:recipes/decorations/dark_oak_fence":{"criteria":{"has_planks":"2025-03-26 18:22:04 +0000"},"done":true},"minecraft:recipes/combat/diamond_boots":{"criteria":{"has_diamond":"2025-03-26 17:47:23 +0000"},"done":true},"DataVersion":4082}